"root","length_leafs","leafs"
"abl",15,"abl enabl inabl stabl unabl capabl disabl notabl probabl reliabl suitabl syllabl valuabl variabl establish"
"acc",20,"acc dacc nacc racc vacc accur accept access accord saccad acceler accentu account accumul accommod accumben accuraci accompani accomplish antisaccad"
"act",50,"act activ actor exact react tract action actual factor impact intact tactil attract charact coactiv contact deactiv extract factori hypoact intract practic reactiv syntact abstract artefact artifact contract distract fraction hyperact interact proactiv reaction subtract character hypoactiv olfactori overactiv satisfact counteract distractor hyperactiv refractori stereotact underactiv characteris vibrotactil characterist tractographi"
"add",5,"add addit addict address bladder"
"age",6,"age agenc agent stage imageri imageability"
"aid",2,"aid paid"
"aim",2,"aim claim"
"aip",1,"aip"
"air",8,"air fair pair impair unfair unimpair talairach questionnair"
"ale",7,"ale male alert scale valenc alexithymia contralesion"
"apo",2,"apo apolipoprotein"
"arm",7,"arm harm warm alarm harmon forearm pharmacolog"
"art",19,"art part heart start arteri partit startl articul cartoon compart partial partner artefact artifact artifici particip particular counterpart articulatori"
"asd",1,"asd"
"asl",1,"asl"
"atl",2,"atl atlas"
"axi",7,"axi axial maxim ataxia maxima apraxia maximum"
"bad",1,"bad"
"bar",2,"bar lobar"
"bas",7,"bas base basi basal basic baselin databas"
"bed",2,"bed embed"
"bmi",2,"bmi submit"
"box",2,"box toolbox"
"boy",1,"boy"
"bpd",1,"bpd"
"cap",6,"cap capac capit capabl capsul captur"
"car",12,"car card care carri scarc cardin cardiac caregiv carrier cartoon calcarin cardiovascular"
"cbf",2,"cbf rcbf"
"cbt",1,"cbt"
"cns",1,"cns"
"con",93,"con icon condit confer confid confin consid conson consum convey econom second conceiv concept concern concert conclud conclus concord concret concurr conduct confirm conform connect consequ conserv consist contact contain content context contigu conting continu contour control convent converg convers convert convolv concentr conceptu concomit configur conflict confound confront congenit conjoint conjunct consecut consider consolid constant constitu consumpt contamin contextu contract contrari contrast incongru reconcil uncondit unconsci congruenc congruent conscious consensus constitut constrain construct continuum contribut inconclus inconsist secondari wisconsin constraint contradict disconnect dysconnect contralater contributor controversi millisecond reconstruct contemporari contralesion interconnect contradictori"
"csf",1,"csf"
"cue",1,"cue"
"cut",5,"cut acut cutan execut consecut"
"dan",3,"dan danger guidanc"
"dat",7,"dat data updat caudat databas dataset foundat"
"dcm",1,"dcm"
"dmn",1,"dmn"
"dot",1,"dot"
"drd",1,"drd"
"dsm",1,"dsm"
"dti",1,"dti"
"ear",21,"ear bear fear hear near heard heart learn appear learnt linear search forearm learner pearson rehears unclear research disappear nonlinear searchlight"
"eat",18,"eat beat heat creat death great treat breath featur threat creativ greater repeat_ untreat creation greatest threaten treatment"
"eba",2,"eba debat"
"edg",2,"edg knowledg"
"eeg",1,"eeg"
"emg",1,"emg"
"epi",8,"epi depict episod epilept epilepsi epidemiolog epileptogen norepinephrin"
"erp",7,"erp excerpt underpin interplay interpret counterpart interperson"
"eye",1,"eye"
"fdg",1,"fdg"
"fdr",1,"fdr"
"fef",1,"fef"
"ffa",1,"ffa"
"fit",2,"fit benefit"
"fix",2,"fix fixat"
"fmr",2,"fmr fmri"
"fsl",1,"fsl"
"fwe",1,"fwe"
"gap",1,"gap"
"glm",1,"glm"
"gmv",1,"gmv"
"hcs",1,"hcs"
"hip",9,"hip hippocamp ownership hippocampi membership hippocampus relationship parahippocamp parahippocampus"
"hit",4,"hit white architectur cytoarchitecton"
"hmt",1,"hmt"
"hot",9,"hot shot dichot photon psychot dichotomi photograph antipsychot psychotherapi"
"hrf",1,"hrf"
"hub",1,"hub"
"iap",1,"iap"
"ica",2,"ica efficaci"
"ifc",1,"ifc"
"ifg",2,"ifg lifg"
"ifj",1,"ifj"
"ill",10,"ill fill will illus skill illumin illustr illusori millisecond oscillatori"
"ipc",1,"ipc"
"ipl",3,"ipl multipl principl"
"joy",2,"joy joystick"
"key",2,"key monkey"
"lag",1,"lag"
"led",2,"led knowledg"
"leg",3,"leg legal colleg"
"lie",6,"lie belief believ relief salienc salient"
"lip",3,"lip clip apolipoprotein"
"loc",14,"loc loci lock alloc block clock local locat locus veloc localis locomot allocentr locomotor"
"low",9,"low flow slow allow lower follow lowest slower shallow"
"ltm",1,"ltm"
"man",18,"man human manag mania manic bimanu demand german manner manual perman semant command manipul unimanu brodmann manifest nonhuman"
"map",2,"map mapp"
"mcc",2,"mcc amcc"
"mci",2,"mci amci"
"mdd",1,"mdd"
"meg",1,"meg"
"men",44,"men women dement dimens mental moment augment element putamen segment tegment argument dementia document judgment movement agreement decrement detriment dimension fundament implement increment judgement menstrual nondement phenomena recommend statement treatment complement elementari experiment instrument phenomenon supplement development environment phenomenolog complementari supplementari multidimension neurodevelopment presupplementari"
"met",28,"met meta method methyl metric valmet geometr isometr metabol paramet symmetr arithmet asymmetr metaphor parametr symmetri volumetr asymmetri volumetri metacognit methodolog morphometr psychometr hypometabol morphometri nonparametr methylphenid methyltransferas"
"mfc",1,"mfc"
"mfg",1,"mfg"
"mid",6,"mid middl midlin pyramid midbrain midcingul"
"mix",3,"mix mixtur intermix"
"mni",1,"mni"
"mns",1,"mns"
"mri",4,"mri fmri smri fcmri"
"mtg",2,"mtg pmtg"
"mtl",2,"mtl mtle"
"new",2,"new newli"
"ocd",1,"ocd"
"odd",2,"odd oddbal"
"ofa",2,"ofa orofaci"
"ofc",2,"ofc mofc"
"pag",2,"pag propag"
"par",40,"par pars part appar separ spare spars compar dispar parcel parent pariet partit prepar compart paramet parieto partial partner paradigm paralimb parallel parametr particip transpar paracentr parkinson comparison paracingul particular counterpart intrapariet nonparametr preparatori frontopariet parahippocamp parietotempor temporopariet occipitopariet parahippocampus"
"pay",1,"pay"
"pca",1,"pca"
"pcc",1,"pcc"
"pet",5,"pet compet appetit repetit competit"
"pfc",7,"pfc lpfc mpfc dlpfc dmpfc vlpfc vmpfc"
"pls",1,"pls"
"pmd",1,"pmd"
"pmv",1,"pmv"
"pon",10,"pon oppon compon pontin respond respons spontan exponenti subcompon correspond"
"ppa",2,"ppa appar"
"ppc",1,"ppc"
"ppi",2,"ppi happi"
"pre",57,"pre press preced precis prefer premis prenat prepar prepot presma presum preval repres spread appreci depress express impress preclin preclud predict pregenu preoper presenc present preserv pressur presurg preterm prevail prevent upregul precentr predefin predomin prefront premotor prescrib previous suppress interpret precuneus precursor predictor represent unpredict comprehend comprehens preferenti preprocess widespread antidepress preliminari preparatori prerequisit predisposition presupplementari"
"rat",22,"rat rate durat grate ratio narrat ration vibrat generat quadrat strateg strategi substrat literatur operation laboratori temperatur exploratori idiosyncrat preparatori respiratori suprathreshold"
"red",9,"red reduc reduct predict predefin predomin predictor unpredict predisposition"
"rem",15,"rem remit remot remov extrem premis remain remark remedi rememb remind remiss premotor decrement increment"
"roi",4,"roi heroin steroid neuroimag"
"rsn",2,"rsn rsns"
"rts",1,"rts"
"run",1,"run"
"sad",2,"sad disadvantag"
"scr",13,"scr ascrib screen script describ discrep discret scrambl descript prescrib discrimin transcrani circumscrib"
"see",5,"see seed seek seen unseen"
"sem",6,"sem semi semant assembl ensembl resembl"
"set",5,"set onset offset subset dataset"
"sex",2,"sex sexual"
"sfg",1,"sfg"
"sii",1,"sii"
"sma",4,"sma plasma presma mismatch"
"smc",1,"smc"
"smg",1,"smg"
"snp",1,"snp"
"soa",1,"soa"
"spl",6,"spl split displac display splenium retrospleni"
"spm",1,"spm"
"srl",1,"srl"
"stg",1,"stg"
"stm",3,"stm vstm postmortem"
"stn",1,"stn"
"sts",2,"sts psts"
"sub",34,"sub subtl sublex submit subset subtyp subclin subcort subgenu subject subscal subsequ subserv subdivid subdivis subgroup sublimin suboptim subsampl substanc substrat subtract subcallos subcompon subjected subregion substanti substitut subsystem subthalam subprocess substantia intersubject subthreshold"
"sum",8,"sum assum consum presum summar assumpt callosum consumpt"
"svm",1,"svm"
"tap",2,"tap metaphor"
"tbi",1,"tbi"
"tic",24,"tic notic optic cortic critic haptic static vertic anticip articul cortico plastic practic joystick neurotic particip anticorrel particular corticolimb corticospin anticipatori articulatori corticostriat mesocorticolimb"
"tie",4,"tie patient satieti quotient"
"tip",4,"tip multipl fingertip antipsychot"
"tle",2,"tle mtle"
"tms",2,"tms rtms"
"tom",19,"tom autom anatom bottom custom anatomi automat phantom symptom pantomim dichotomi symptomat asymptomat tomographi neuroanatom somatomotor frontomedian neuroanatomi symptomatolog"
"top",15,"top stop topic postop homotop topolog retinotop somatotop topograph somatotopi topographi tryptophan frontopolar frontopariet occipitopariet"
"tpj",1,"tpj"
"tri",40,"tri strip trial matric matrix metric striat strict strike string countri extrins intrigu intrins retriev striato trigger attribut restrict striatal striatum symmetri trigemin ventricl asymmetri circuitri contribut detriment distribut extrastri volumetri psychiatri contributor morphometri triangulari ventricular frontostriat corticostriat neurocircuitri periventricular"
"urg",4,"urg surgic presurg surgeri"
"use",2,"use user"
"val",11,"val valu evalu valid preval valenc valmet valuat equival invalid valuabl"
"vbm",1,"vbm"
"vta",1,"vta"
"way",2,"way pathway"
"win",3,"win twin window"
"abil",5,"abil stabil rehabilit probabilist imageability"
"abus",1,"abus"
"acid",1,"acid"
"acut",1,"acut"
"adhd",1,"adhd"
"agre",2,"agre agreement"
"alff",2,"alff falff"
"amcc",1,"amcc"
"amci",1,"amci"
"amod",2,"amod supramod"
"angl",3,"angl ganglia disentangl"
"anim",4,"anim animat animaci inanimat"
"ankl",1,"ankl"
"anti",15,"anti anticip quantif quantit antisoci instanti quantifi quantiti substanti anticorrel antisaccad substantia antidepress antipsychot anticipatori"
"area",1,"area"
"argu",2,"argu argument"
"aris",2,"aris comparison"
"atyp",1,"atyp"
"awak",1,"awak"
"awar",2,"awar unawar"
"axon",1,"axon"
"ball",1,"ball"
"band",1,"band"
"bank",1,"bank"
"base",2,"base baselin"
"basi",2,"basi basic"
"bdnf",1,"bdnf"
"bear",1,"bear"
"beat",1,"beat"
"beta",1,"beta"
"bias",2,"bias unbias"
"bind",1,"bind"
"bing",1,"bing"
"blue",1,"blue"
"bodi",3,"bodi bodili embodi"
"bold",1,"bold"
"born",1,"born"
"call",4,"call callos callosum subcallos"
"card",4,"card cardin cardiac cardiovascular"
"care",2,"care caregiv"
"caus",2,"caus causal"
"cell",2,"cell cellular"
"clip",1,"clip"
"clue",1,"clue"
"code",1,"code"
"cogn",6,"cogn cognit recogn recognit metacognit neurocognit"
"coil",1,"coil"
"cold",1,"cold"
"comt",1,"comt"
"cope",1,"cope"
"copi",2,"copi spectroscopi"
"cord",5,"cord accord record concord discord"
"core",2,"core score"
"cost",2,"cost corticostriat"
"crus",1,"crus"
"curv",1,"curv"
"cycl",2,"cycl cyclic"
"dacc",1,"dacc"
"dark",1,"dark"
"data",3,"data databas dataset"
"deaf",1,"deaf"
"deal",2,"deal ideal"
"deep",2,"deep deeper"
"dens",2,"dens densiti"
"diet",1,"diet"
"dose",1,"dose"
"draw",3,"draw drawn withdraw"
"drop",1,"drop"
"drug",1,"drug"
"dual",2,"dual gradual"
"easi",4,"easi easier easili feasibl"
"echo",2,"echo catechol"
"ecnp",1,"ecnp"
"educ",4,"educ reduc reduct periaqueduct"
"elev",3,"elev relev irrelev"
"elus",2,"elus delus"
"emot",3,"emot remot premotor"
"ensu",3,"ensu ensur consensus"
"evid",2,"evid evidenc"
"evoc",1,"evoc"
"evok",1,"evok"
"face",2,"face facet"
"fail",2,"fail failur"
"fair",2,"fair unfair"
"fall",1,"fall"
"fals",1,"fals"
"fast",2,"fast faster"
"fear",1,"fear"
"feed",4,"feed feedback feedforward neurofeedback"
"feel",1,"feel"
"fibr",2,"fibr fibromyalgia"
"fill",1,"fill"
"film",1,"film"
"find",1,"find"
"fine",1,"fine"
"fire",1,"fire"
"flow",1,"flow"
"fmri",1,"fmri"
"foci",1,"foci"
"fold",3,"fold unfold blindfold"
"font",1,"font"
"food",1,"food"
"foot",1,"foot"
"forc",2,"forc reinforc"
"form",16,"form deform formal format former formul inform conform perform uniform beamform fusiform piriform waveform transform outperform"
"free",4,"free freeli freedom freesurf"
"gain",1,"gain"
"gait",1,"gait"
"game",1,"game"
"gate",1,"gate"
"gaze",1,"gaze"
"gene",9,"gene genet degener general generat generic generaliz pathogenesi neurodegener"
"genu",4,"genu pregenu subgenu perigenu"
"girl",1,"girl"
"give",1,"give"
"goal",1,"goal"
"good",1,"good"
"gray",1,"gray"
"grey",1,"grey"
"grip",1,"grip"
"grow",2,"grow growth"
"guid",2,"guid guidanc"
"gyri",1,"gyri"
"half",1,"half"
"hand",4,"hand handl handed hander"
"hard",1,"hard"
"harm",3,"harm harmon pharmacolog"
"head",1,"head"
"hear",4,"hear heard heart rehears"
"heat",1,"heat"
"held",1,"held"
"help",1,"help"
"high",2,"high highlight"
"hold",4,"hold threshold subthreshold suprathreshold"
"host",1,"host"
"hour",1,"hour"
"hous",1,"hous"
"hypo",11,"hypo hypoact hypothes hypothet hypoactiv hypothesi hypoperfus hypothalam hypothesis hypometabol hypothalamus"
"icon",1,"icon"
"idea",2,"idea ideal"
"imag",5,"imag imagin imageri neuroimag imageability"
"imit",2,"imit limit"
"isol",2,"isol cortisol"
"issu",4,"issu tissu fissur commissur"
"item",1,"item"
"iter",5,"iter liter criteria criterion literatur"
"judg",3,"judg judgment judgement"
"keep",1,"keep"
"kept",1,"kept"
"kind",1,"kind"
"know",4,"know known unknown knowledg"
"lack",2,"lack black"
"last",3,"last plastic neuroplast"
"late",17,"late later latenc latent bilater plateau related collater unilater ipsilater lateralis dorsolater anterolater contralater rostrolater ventrolater posterolater"
"lead",2,"lead mislead"
"lean",1,"lean"
"leav",2,"leav interleav"
"left",2,"left leftward"
"lend",1,"lend"
"life",3,"life lifetim lifespan"
"lifg",1,"lifg"
"like",3,"like likewis likelihood"
"limb",7,"limb limbic mesolimb paralimb frontolimb corticolimb mesocorticolimb"
"line",4,"line linear cholinerg nonlinear"
"link",3,"link blink linkag"
"liss",1,"liss"
"list",7,"list holist listen realist checklist naturalist probabilist"
"live",2,"live deliveri"
"load",1,"load"
"lobe",1,"lobe"
"loci",1,"loci"
"lock",3,"lock block clock"
"look",1,"look"
"loop",1,"loop"
"lose",3,"lose close closer"
"loss",1,"loss"
"lost",1,"lost"
"love",1,"love"
"lpfc",3,"lpfc dlpfc vlpfc"
"main",5,"main domain remain mainten maintain"
"make",1,"make"
"male",1,"male"
"mapp",1,"mapp"
"mark",6,"mark marker remark biomark hallmark landmark"
"mask",1,"mask"
"mass",1,"mass"
"math",2,"math mathemat"
"maze",1,"maze"
"mean",3,"mean meaning meaningless"
"meet",1,"meet"
"mere",1,"mere"
"meta",5,"meta metabol metaphor metacognit hypometabol"
"mild",1,"mild"
"mind",2,"mind remind"
"mini",6,"mini minim minimum administ diminish administr"
"miss",8,"miss emiss omiss remiss commiss commissur transmiss neurotransmiss"
"mmse",1,"mmse"
"mode",5,"mode model moder modern modest"
"mofc",1,"mofc"
"mood",1,"mood"
"mous",2,"mous famous"
"move",2,"move movement"
"movi",1,"movi"
"mpfc",3,"mpfc dmpfc vmpfc"
"mtle",1,"mtle"
"mvpa",1,"mvpa"
"nacc",1,"nacc"
"naiv",1,"naiv"
"name",1,"name"
"near",3,"near linear nonlinear"
"need",2,"need needl"
"nerv",4,"nerv innerv nervosa nervous"
"node",1,"node"
"nogo",1,"nogo"
"nois",2,"nois noisi"
"norm",4,"norm abnorm normal normat"
"note",1,"note"
"noun",2,"noun pronounc"
"null",1,"null"
"obes",1,"obes"
"odor",2,"odor mediodors"
"ongo",1,"ongo"
"oper",10,"oper cooper proper preoper properti operation opercular operculum hypoperfus operculari"
"oral",3,"oral moral temporal"
"over",13,"over cover overt covert govern overal overcom overlap recoveri discoveri overactiv overweight controversi"
"pace",2,"pace space"
"paid",1,"paid"
"pain",2,"pain nonpain"
"pair",3,"pair impair unimpair"
"palm",1,"palm"
"pars",2,"pars spars"
"part",8,"part partit compart partial partner particip particular counterpart"
"pass",4,"pass passag passiv encompass"
"past",1,"past"
"path",15,"path empath empathi pathway idiopath patholog neuropath sympathet psychopath pathogenesi psychopathi neuropatholog encephalopathi pathophysiolog psychopatholog"
"peak",3,"peak speak speaker"
"peer",1,"peer"
"peri",16,"peri experi period perigenu peripher perirhin superior experienc peripheri experienti experiment superimpos hyperintens perisylvian periaqueduct periventricular"
"piec",1,"piec"
"plan",6,"plan plane explan planar planum implant"
"play",4,"play player display interplay"
"pmtg",1,"pmtg"
"pole",1,"pole"
"pool",1,"pool"
"poor",2,"poor poorer"
"pose",1,"pose"
"post",10,"post postop postul postur postcentr posterior postmortem posteromedi posttraumat posterolater"
"psts",1,"psts"
"ptsd",1,"ptsd"
"puls",3,"puls impuls compuls"
"pure",1,"pure"
"racc",1,"racc"
"race",4,"race trace tracer paracentr"
"rais",3,"rais apprais reapprais"
"rang",4,"rang arrang granger stranger"
"rare",1,"rare"
"rate",4,"rate grate strateg strategi"
"rcbf",1,"rcbf"
"read",6,"read readi reader spread readili widespread"
"real",4,"real realiz realist realiti"
"reho",1,"reho"
"reli",5,"reli relief reliabl relianc preliminari"
"rest",4,"rest restor interest restrict"
"rich",1,"rich"
"rise",1,"rise"
"risk",2,"risk riski"
"role",1,"role"
"root",1,"root"
"rout",2,"rout routin"
"rsfc",1,"rsfc"
"rsns",1,"rsns"
"rtms",1,"rtms"
"rule",1,"rule"
"safe",2,"safe safeti"
"scan",2,"scan scanner"
"seed",1,"seed"
"seek",1,"seek"
"seen",2,"seen unseen"
"self",2,"self oneself"
"semi",1,"semi"
"sens",13,"sens sensat sensit sensor nonsens sensori insensit consensus unisensori hypersensit multisensori sensorimotor somatosensori"
"seri",3,"seri serial serious"
"serv",7,"serv observ reserv servic conserv preserv subserv"
"sham",1,"sham"
"shed",1,"shed"
"shot",1,"shot"
"sibl",5,"sibl visibl feasibl possibl plausibl"
"side",2,"side consider"
"sign",7,"sign assign design signal signer signatur signific"
"sing",3,"sing singl singular"
"site",1,"site"
"size",1,"size"
"skin",1,"skin"
"slow",2,"slow slower"
"smri",1,"smri"
"soft",2,"soft softwar"
"sole",1,"sole"
"solv",3,"solv resolv unresolv"
"song",1,"song"
"sort",1,"sort"
"span",2,"span lifespan"
"spin",5,"spin spinal supraspin cerebrospin corticospin"
"stem",5,"stem system systemat brainstem subsystem"
"step",2,"step stepwis"
"stop",2,"stop postop"
"suit",3,"suit pursuit suitabl"
"tail",3,"tail detail entail"
"take",2,"take undertaken"
"talk",1,"talk"
"task",1,"task"
"tast",1,"tast"
"tbss",1,"tbss"
"tdcs",1,"tdcs"
"tell",3,"tell intellig intellectu"
"tend",6,"tend attend extend intend tendenc unattend"
"term",7,"term termin preterm determin intermix intermedi intermitt"
"test",4,"test retest greatest testosteron"
"text",4,"text textur context contextu"
"thin",3,"thin thing think"
"time",1,"time"
"told",1,"told"
"tone",2,"tone serotonerg"
"tool",2,"tool toolbox"
"true",1,"true"
"tune",1,"tune"
"twin",1,"twin"
"type",1,"type"
"unit",3,"unit unitari communiti"
"usag",1,"usag"
"user",1,"user"
"util",2,"util utilis"
"vacc",1,"vacc"
"valu",4,"valu evalu valuat valuabl"
"vari",12,"vari covari invari variat univari variabl varianc variant varieti various salivari multivari"
"vast",1,"vast"
"verb",3,"verb verbal nonverb"
"vice",1,"vice"
"view",5,"view review viewer interview viewpoint"
"vivo",2,"vivo survivor"
"voic",1,"voic"
"vstm",1,"vstm"
"vwfa",1,"vwfa"
"wait",1,"wait"
"wake",1,"wake"
"walk",1,"walk"
"wall",1,"wall"
"warm",1,"warm"
"warp",1,"warp"
"wave",2,"wave waveform"
"weak",3,"weak weaken weaker"
"wide",3,"wide wider widespread"
"will",1,"will"
"wise",1,"wise"
"word",3,"word nonword pseudoword"
"work",3,"work network framework"
"wors",1,"wors"
"zone",1,"zone"
"aberr",1,"aberr"
"accur",2,"accur accuraci"
"activ",9,"activ coactiv deactiv reactiv proactiv hypoactiv overactiv hyperactiv underactiv"
"actor",6,"actor factor factori olfactori distractor refractori"
"adapt",2,"adapt maladapt"
"addit",1,"addit"
"adequ",2,"adequ inadequ"
"adjac",1,"adjac"
"adopt",1,"adopt"
"adult",2,"adult adulthood"
"affer",1,"affer"
"agenc",1,"agenc"
"agent",1,"agent"
"alarm",1,"alarm"
"alert",1,"alert"
"align",1,"align"
"allel",2,"allel parallel"
"alloc",2,"alloc allocentr"
"allow",2,"allow shallow"
"aloud",1,"aloud"
"alpha",2,"alpha alphabet"
"alter",2,"alter altern"
"amnes",3,"amnes amnest amnesia"
"anger",4,"anger danger granger stranger"
"angri",1,"angri"
"anova",1,"anova"
"aphas",2,"aphas aphasia"
"appar",1,"appar"
"appli",2,"appli applic"
"arous",1,"arous"
"array",1,"array"
"arrow",2,"arrow narrow"
"assay",1,"assay"
"assum",2,"assum assumpt"
"atlas",1,"atlas"
"audio",2,"audio audiovisu"
"audit",3,"audit auditori auditorili"
"autom",2,"autom automat"
"avail",1,"avail"
"avenu",1,"avenu"
"avers",2,"avers extravers"
"avert",1,"avert"
"avoid",1,"avoid"
"axial",1,"axial"
"basal",1,"basal"
"basic",1,"basic"
"becom",1,"becom"
"begin",1,"begin"
"begun",1,"begun"
"behav",3,"behav behavior neurobehavior"
"besid",1,"besid"
"bimod",1,"bimod"
"birth",1,"birth"
"black",1,"black"
"blank",1,"blank"
"blind",2,"blind blindfold"
"blink",1,"blink"
"block",1,"block"
"blood",1,"blood"
"blunt",1,"blunt"
"boost",1,"boost"
"bound",2,"bound boundari"
"bowel",1,"bowel"
"brain",4,"brain midbrain brainstem forebrain"
"bridg",1,"bridg"
"brief",1,"brief"
"bring",1,"bring"
"broad",2,"broad broader"
"broca",1,"broca"
"brush",1,"brush"
"build",1,"build"
"built",1,"built"
"bundl",1,"bundl"
"burst",1,"burst"
"calor",2,"calor calori"
"canon",1,"canon"
"capac",1,"capac"
"capit",1,"capit"
"carri",2,"carri carrier"
"centr",8,"centr central concentr egocentr precentr allocentr paracentr postcentr"
"chanc",1,"chanc"
"chang",3,"chang exchang unchang"
"charg",2,"charg discharg"
"check",3,"check checklist checkerboard"
"child",3,"child children childhood"
"choic",1,"choic"
"choos",1,"choos"
"chose",2,"chose chosen"
"chunk",1,"chunk"
"circl",1,"circl"
"claim",1,"claim"
"class",4,"class classic classif classifi"
"clock",1,"clock"
"close",2,"close closer"
"coars",1,"coars"
"coher",1,"coher"
"color",1,"color"
"count",9,"count account counter countri encount discount counteract counterpart counterbalanc"
"coupl",2,"coupl decoupl"
"cours",2,"cours discours"
"cover",4,"cover covert recoveri discoveri"
"crave",1,"crave"
"creat",3,"creat creativ creation"
"cross",3,"cross crossov crossmod"
"crown",1,"crown"
"cumul",2,"cumul accumul"
"cutan",1,"cutan"
"damag",1,"damag"
"death",1,"death"
"debat",1,"debat"
"decad",1,"decad"
"decay",1,"decay"
"decid",1,"decid"
"decis",1,"decis"
"decod",1,"decod"
"dedic",1,"dedic"
"defin",3,"defin definit predefin"
"degen",4,"degen degener neurodegen neurodegener"
"degre",1,"degre"
"delay",1,"delay"
"delet",2,"delet deleteri"
"delin",1,"delin"
"deliv",2,"deliv deliveri"
"delta",1,"delta"
"delus",1,"delus"
"denot",1,"denot"
"depth",1,"depth"
"deriv",1,"deriv"
"desir",1,"desir"
"devic",1,"devic"
"devot",1,"devot"
"digit",1,"digit"
"dilat",1,"dilat"
"dipol",1,"dipol"
"divid",4,"divid individu subdivid interindividu"
"divis",2,"divis subdivis"
"dlpfc",1,"dlpfc"
"dmpfc",1,"dmpfc"
"domin",2,"domin predomin"
"dorso",3,"dorso dorsomedi dorsolater"
"doubl",1,"doubl"
"drawn",1,"drawn"
"drink",1,"drink"
"drive",2,"drive driven"
"durat",1,"durat"
"dwell",1,"dwell"
"dynam",3,"dynam hemodynam haemodynam"
"effer",1,"effer"
"elder",1,"elder"
"embed",1,"embed"
"emerg",1,"emerg"
"emiss",2,"emiss remiss"
"empir",1,"empir"
"enabl",1,"enabl"
"encod",1,"encod"
"endur",1,"endur"
"engag",2,"engag disengag"
"enrol",1,"enrol"
"ensur",1,"ensur"
"enter",2,"enter center"
"entir",1,"entir"
"enzym",1,"enzym"
"epoch",1,"epoch"
"equal",1,"equal"
"equat",1,"equat"
"erron",1,"erron"
"error",1,"error"
"estim",1,"estim"
"evalu",1,"evalu"
"event",3,"event eventu prevent"
"evolv",1,"evolv"
"exact",1,"exact"
"excel",1,"excel"
"excit",2,"excit excitatori"
"exert",1,"exert"
"exist",2,"exist coexist"
"expos",2,"expos exposur"
"extra",4,"extra extract extrastri extravers"
"facet",1,"facet"
"falff",1,"falff"
"favor",1,"favor"
"fcmri",1,"fcmri"
"femal",1,"femal"
"fewer",1,"fewer"
"fiber",1,"fiber"
"field",2,"field hemifield"
"figur",2,"figur configur"
"final",1,"final"
"finit",2,"finit definit"
"first",1,"first"
"fixat",1,"fixat"
"flash",1,"flash"
"fluid",1,"fluid"
"focal",1,"focal"
"focus",2,"focus focuss"
"forti",1,"forti"
"found",4,"found foundat confound profound"
"frame",2,"frame framework"
"front",12,"front fronto frontal confront prefront frontolimb frontopolar orbitofront frontomedian frontopariet frontostriat frontotempor"
"fruit",1,"fruit"
"futur",1,"futur"
"gambl",1,"gambl"
"gamma",1,"gamma"
"genet",1,"genet"
"genom",1,"genom"
"grade",1,"grade"
"grain",1,"grain"
"graph",15,"graph graphem demograph topograph orthograph photograph tomographi topographi orthographi autobiograph tractographi electromyograph electroencephalograph electroencephalographi magnetoencephalographi"
"grasp",1,"grasp"
"grate",1,"grate"
"great",3,"great greater greatest"
"green",1,"green"
"gross",1,"gross"
"group",2,"group subgroup"
"guess",1,"guess"
"gyrus",1,"gyrus"
"habit",2,"habit habitu"
"handl",1,"handl"
"happi",1,"happi"
"heard",1,"heard"
"heart",1,"heart"
"heavi",2,"heavi heavili"
"hedon",2,"hedon anhedonia"
"hepat",1,"hepat"
"herit",1,"herit"
"human",2,"human nonhuman"
"humor",1,"humor"
"hyper",7,"hyper hyperact hypertens hyperactiv hyperintens hypersensit hyperalgesia"
"ictal",1,"ictal"
"ideal",1,"ideal"
"ident",4,"ident identif identifi incident"
"ignor",1,"ignor"
"illus",3,"illus illustr illusori"
"imbal",1,"imbal"
"impli",3,"impli implic implicit"
"impos",3,"impos imposs superimpos"
"inabl",1,"inabl"
"incid",3,"incid coincid incident"
"incom",3,"incom incompat incomplet"
"index",1,"index"
"indic",2,"indic indices"
"induc",2,"induc induct"
"infer",4,"infer inferior inferenti inferotempor"
"infus",1,"infus"
"inher",1,"inher"
"initi",1,"initi"
"injur",2,"injur injuri"
"innat",1,"innat"
"inner",2,"inner innerv"
"input",1,"input"
"insid",1,"insid"
"intak",1,"intak"
"inter",29,"inter interf intern interv interact interest interfac interfer interict intermix interrel interven interleav intermedi intermitt interplay interpret interrupt intervent interview interocept interdepend interperson interregion intertempor interconnect intersubject interindividu interhemispher"
"intim",1,"intim"
"inton",1,"inton"
"intra",7,"intra intract intranas intraven intracort intracrani intrapariet"
"invas",2,"invas noninvas"
"invok",1,"invok"
"irrit",1,"irrit"
"joint",2,"joint conjoint"
"known",2,"known unknown"
"label",1,"label"
"laden",1,"laden"
"laser",1,"laser"
"later",12,"later bilater collater unilater ipsilater lateralis dorsolater anterolater contralater rostrolater ventrolater posterolater"
"layer",2,"layer player"
"learn",3,"learn learnt learner"
"legal",1,"legal"
"level",1,"level"
"lexic",2,"lexic lexico"
"light",4,"light slight highlight searchlight"
"limit",1,"limit"
"liter",2,"liter literatur"
"littl",1,"littl"
"lobar",1,"lobar"
"lobul",1,"lobul"
"local",2,"local localis"
"locat",1,"locat"
"locus",1,"locus"
"logic",1,"logic"
"lower",2,"lower slower"
"lumin",2,"lumin illumin"
"major",2,"major majority"
"manag",1,"manag"
"mania",1,"mania"
"manic",1,"manic"
"match",2,"match mismatch"
"matur",2,"matur immatur"
"maxim",3,"maxim maxima maximum"
"medic",1,"medic"
"medit",1,"medit"
"melod",2,"melod melodi"
"memor",2,"memor memori"
"micro",2,"micro microstructur"
"middl",1,"middl"
"mimic",1,"mimic"
"minim",2,"minim minimum"
"minor",1,"minor"
"minus",1,"minus"
"minut",1,"minut"
"mobil",1,"mobil"
"modal",1,"modal"
"model",1,"model"
"moder",2,"moder modern"
"modif",2,"modif modifi"
"modul",5,"modul modular modules modulatori neuromodul"
"money",1,"money"
"moral",1,"moral"
"morph",6,"morph dimorph morpholog polymorph morphometr morphometri"
"motiv",1,"motiv"
"motor",9,"motor nonmotor premotor locomotor oculomotor visuomotor psychomotor somatomotor sensorimotor"
"mouth",1,"mouth"
"multi",7,"multi multipl multimod multivari multivoxel multisensori multidimension"
"muscl",1,"muscl"
"music",3,"music musician nonmusician"
"mutat",1,"mutat"
"nativ",1,"nativ"
"natur",3,"natur signatur naturalist"
"navig",1,"navig"
"needl",1,"needl"
"negat",1,"negat"
"neuro",30,"neuro neuron neurolog neurosci neurotic neurotyp neuroimag neuropath neurodegen neurofunct neuromodul neuroplast neurotroph neuroanatom neurobiolog neurocognit neuroanatomi neurodegener neurodevelop neurobehavior neurofeedback neuropatholog neuroscientif neurocircuitri neurophysiolog neuropsychiatr neuropsycholog neurotransmiss neurotransmitt neurodevelopment"
"newli",1,"newli"
"night",1,"night"
"nigra",1,"nigra"
"noisi",1,"noisi"
"nomin",1,"nomin"
"notic",1,"notic"
"novel",2,"novel novelti"
"novic",1,"novic"
"numer",1,"numer"
"occas",2,"occas occasion"
"occup",1,"occup"
"occur",2,"occur occurr"
"offer",1,"offer"
"older",1,"older"
"omiss",1,"omiss"
"onlin",3,"onlin nonlinear nonlinguist"
"onset",1,"onset"
"oppon",1,"oppon"
"oppos",3,"oppos opposit opposition"
"optic",1,"optic"
"optim",2,"optim suboptim"
"orbit",4,"orbit orbito orbitali orbitofront"
"order",3,"order border borderlin"
"ordin",3,"ordin coordin ordinari"
"organ",6,"organ organis organiz reorgan disorgan organism"
"oscil",2,"oscil oscillatori"
"overt",2,"overt covert"
"palsi",1,"palsi"
"panic",1,"panic"
"patch",1,"patch"
"peopl",1,"peopl"
"phase",1,"phase"
"piano",1,"piano"
"pilot",1,"pilot"
"pitch",1,"pitch"
"pivot",1,"pivot"
"place",2,"place placebo"
"plane",1,"plane"
"pleas",4,"pleas pleasur unpleas pleasant"
"point",3,"point acupoint viewpoint"
"polar",4,"polar bipolar unipolar frontopolar"
"popul",2,"popul popular"
"posit",11,"posit opposit positiv composit position positron opposition composition disposition decomposition predisposition"
"power",1,"power"
"press",7,"press depress express impress pressur suppress antidepress"
"prime",1,"prime"
"print",1,"print"
"prior",3,"prior priori priorit"
"probe",1,"probe"
"prone",1,"prone"
"proof",1,"proof"
"prove",2,"prove proven"
"proxi",3,"proxi proxim approxim"
"pursu",2,"pursu pursuit"
"putat",1,"putat"
"quick",1,"quick"
"quiet",1,"quiet"
"rapid",1,"rapid"
"ratio",3,"ratio ration operation"
"reach",1,"reach"
"react",3,"react reactiv reaction"
"readi",2,"readi readili"
"recal",1,"recal"
"recov",2,"recov recoveri"
"reduc",2,"reduc reduct"
"refer",5,"refer prefer referenc referenti preferenti"
"refin",1,"refin"
"regul",7,"regul regular upregul dysregul downregul irregular regulatori"
"relat",4,"relat related relatives relationship"
"relax",1,"relax"
"relev",2,"relev irrelev"
"remit",1,"remit"
"remot",2,"remot premotor"
"remov",1,"remov"
"resid",2,"resid residu"
"reson",1,"reson"
"retin",2,"retin retinotop"
"revis",1,"revis"
"rhyme",1,"rhyme"
"rigid",1,"rigid"
"riski",1,"riski"
"robot",1,"robot"
"rotat",1,"rotat"
"rough",4,"rough brought thorough throughout"
"rumin",1,"rumin"
"salin",1,"salin"
"sampl",2,"sampl subsampl"
"scale",1,"scale"
"scalp",1,"scalp"
"scarc",1,"scarc"
"scene",1,"scene"
"score",1,"score"
"separ",1,"separ"
"serum",1,"serum"
"sever",1,"sever"
"shape",1,"shape"
"share",1,"share"
"sharp",1,"sharp"
"shift",1,"shift"
"shock",1,"shock"
"short",2,"short shorter"
"shown",1,"shown"
"sight",2,"sight insight"
"simon",1,"simon"
"simpl",1,"simpl"
"simul",2,"simul simultan"
"singl",1,"singl"
"skill",1,"skill"
"sleep",1,"sleep"
"slice",1,"slice"
"slope",1,"slope"
"smell",1,"smell"
"smoke",2,"smoke smoker"
"socio",1,"socio"
"solut",3,"solut absolut resolut"
"somat",5,"somat somatotop somatotopi somatomotor somatosensori"
"sound",1,"sound"
"sourc",2,"sourc resourc"
"space",1,"space"
"spare",1,"spare"
"spars",1,"spars"
"speak",2,"speak speaker"
"speci",8,"speci especi specif special specifi unspecif nonspecif specialis"
"spect",12,"spect aspect inspect respect perspect prospect spectral spectrum irrespect introspect retrospect spectroscopi"
"speed",1,"speed"
"spell",1,"spell"
"spike",1,"spike"
"spite",1,"spite"
"split",1,"split"
"sport",2,"sport transport"
"squar",1,"squar"
"stabl",2,"stabl establish"
"stage",1,"stage"
"stand",3,"stand standard understand"
"start",2,"start startl"
"state",2,"state statement"
"store",1,"store"
"stori",2,"stori histori"
"strip",1,"strip"
"studi",2,"studi unstudi"
"style",1,"style"
"subtl",1,"subtl"
"sulci",1,"sulci"
"supra",5,"supra supramod supraspin supramargin suprathreshold"
"theta",1,"theta"
"thick",1,"thick"
"thing",1,"thing"
"think",1,"think"
"thumb",1,"thumb"
"tight",1,"tight"
"tissu",1,"tissu"
"toler",1,"toler"
"tonal",1,"tonal"
"tongu",1,"tongu"
"tonic",1,"tonic"
"topic",1,"topic"
"total",1,"total"
"touch",1,"touch"
"tower",1,"tower"
"trace",2,"trace tracer"
"track",1,"track"
"tract",10,"tract attract extract intract abstract contract distract subtract distractor tractographi"
"trade",1,"trade"
"trail",1,"trail"
"train",4,"train untrain constrain constraint"
"trait",1,"trait"
"treat",3,"treat untreat treatment"
"trend",1,"trend"
"trial",1,"trial"
"truli",1,"truli"
"trust",2,"trust trustworthi"
"truth",1,"truth"
"twice",1,"twice"
"typic",1,"typic"
"ultim",3,"ultim multimod ultimatum"
"ultra",1,"ultra"
"unabl",1,"unabl"
"uncin",1,"uncin"
"uncov",1,"uncov"
"under",11,"under underw undergo underli underlin underpin underscor underactiv understand understood undertaken"
"unifi",1,"unifi"
"uniqu",1,"uniqu"
"unlik",1,"unlik"
"unmed",1,"unmed"
"unrel",1,"unrel"
"unusu",1,"unusu"
"upcom",1,"upcom"
"updat",1,"updat"
"upper",1,"upper"
"uptak",2,"uptak reuptak"
"usual",1,"usual"
"utter",2,"utter stutter"
"valid",2,"valid invalid"
"veloc",1,"veloc"
"verif",2,"verif verifi"
"vermi",1,"vermi"
"versa",1,"versa"
"vicin",1,"vicin"
"video",1,"video"
"vigil",1,"vigil"
"visit",1,"visit"
"visuo",3,"visuo visuomotor visuospati"
"vital",1,"vital"
"vivid",1,"vivid"
"vlpfc",1,"vlpfc"
"vmpfc",1,"vmpfc"
"vocal",1,"vocal"
"volit",1,"volit"
"volum",3,"volum volumetr volumetri"
"vowel",1,"vowel"
"voxel",3,"voxel voxelwis multivoxel"
"watch",1,"watch"
"water",1,"water"
"white",1,"white"
"wider",1,"wider"
"width",1,"width"
"women",1,"women"
"world",1,"world"
"wrist",1,"wrist"
"write",1,"write"
"yield",1,"yield"
"youth",1,"youth"
"abnorm",1,"abnorm"
"absenc",1,"absenc"
"absent",1,"absent"
"abstin",1,"abstin"
"accept",1,"accept"
"access",1,"access"
"accord",1,"accord"
"achiev",1,"achiev"
"acoust",1,"acoust"
"acquir",1,"acquir"
"action",3,"action fraction reaction"
"actual",1,"actual"
"addict",1,"addict"
"adject",1,"adject"
"adjust",1,"adjust"
"advanc",1,"advanc"
"advers",1,"advers"
"affect",2,"affect unaffect"
"affili",1,"affili"
"afford",1,"afford"
"aggreg",1,"aggreg"
"allevi",1,"allevi"
"altern",1,"altern"
"ambigu",3,"ambigu unambigu disambigu"
"amnest",1,"amnest"
"amount",1,"amount"
"amplif",2,"amplif amplifi"
"analog",2,"analog analogu"
"analys",2,"analys analysi"
"analyt",1,"analyt"
"analyz",1,"analyz"
"anatom",4,"anatom anatomi neuroanatom neuroanatomi"
"ancova",1,"ancova"
"animat",2,"animat inanimat"
"anomal",2,"anomal anomali"
"answer",1,"answer"
"appear",2,"appear disappear"
"applic",1,"applic"
"arcuat",1,"arcuat"
"arrang",1,"arrang"
"arteri",1,"arteri"
"ascend",1,"ascend"
"ascrib",1,"ascrib"
"aspect",1,"aspect"
"assess",1,"assess"
"assign",1,"assign"
"assist",1,"assist"
"associ",1,"associ"
"ataxia",1,"ataxia"
"athlet",1,"athlet"
"attach",1,"attach"
"attack",1,"attack"
"attain",1,"attain"
"attend",2,"attend unattend"
"attent",2,"attent inattent"
"attenu",1,"attenu"
"autism",1,"autism"
"autist",1,"autist"
"averag",1,"averag"
"balanc",2,"balanc counterbalanc"
"beauti",1,"beauti"
"belief",1,"belief"
"believ",1,"believ"
"belong",1,"belong"
"beyond",1,"beyond"
"bimanu",1,"bimanu"
"binaur",1,"binaur"
"biolog",2,"biolog neurobiolog"
"bodili",1,"bodili"
"border",2,"border borderlin"
"bottom",1,"bottom"
"branch",1,"branch"
"break_",1,"break_"
"breath",1,"breath"
"buffer",1,"buffer"
"burden",1,"burden"
"button",1,"button"
"calcul",1,"calcul"
"calibr",1,"calibr"
"callos",3,"callos callosum subcallos"
"calori",1,"calori"
"cancel",1,"cancel"
"candid",1,"candid"
"capabl",1,"capabl"
"capsul",1,"capsul"
"captur",1,"captur"
"cardin",1,"cardin"
"cascad",1,"cascad"
"caudal",1,"caudal"
"caudat",1,"caudat"
"causal",1,"causal"
"center",1,"center"
"cerebr",4,"cerebr cerebro cerebrum cerebrospin"
"chosen",1,"chosen"
"cingul",5,"cingul cingulo cingulum midcingul paracingul"
"clinic",2,"clinic clinician"
"closer",1,"closer"
"cocain",1,"cocain"
"cognit",4,"cognit recognit metacognit neurocognit"
"cohort",1,"cohort"
"colleg",1,"colleg"
"combat",1,"combat"
"combin",1,"combin"
"commit",1,"commit"
"common",1,"common"
"compar",3,"compar compart comparison"
"compat",2,"compat incompat"
"compel",1,"compel"
"compet",2,"compet competit"
"compon",2,"compon subcompon"
"compos",5,"compos composit decompos composition decomposition"
"comput",2,"comput computer"
"condit",2,"condit uncondit"
"confer",1,"confer"
"confid",1,"confid"
"confin",1,"confin"
"consid",2,"consid consider"
"conson",1,"conson"
"consum",2,"consum consumpt"
"convey",1,"convey"
"cooper",1,"cooper"
"corona",1,"corona"
"corpus",1,"corpus"
"correl",2,"correl anticorrel"
"cortex",2,"cortex neocortex"
"cortic",6,"cortic cortico corticolimb corticospin corticostriat mesocorticolimb"
"covari",1,"covari"
"covert",1,"covert"
"critic",1,"critic"
"cultur",1,"cultur"
"cuneus",2,"cuneus precuneus"
"custom",1,"custom"
"cyclic",1,"cyclic"
"danger",1,"danger"
"decept",1,"decept"
"declar",1,"declar"
"declin",1,"declin"
"deeper",1,"deeper"
"defect",1,"defect"
"defens",1,"defens"
"defici",2,"defici deficit"
"deform",1,"deform"
"degrad",1,"degrad"
"demand",1,"demand"
"dement",3,"dement dementia nondement"
"dentat",1,"dentat"
"depend",3,"depend independ interdepend"
"depict",1,"depict"
"deplet",1,"deplet"
"deploy",1,"deploy"
"depriv",1,"depriv"
"design",1,"design"
"detail",1,"detail"
"detect",1,"detect"
"deviat",1,"deviat"
"diabet",1,"diabet"
"dichot",2,"dichot dichotomi"
"differ",2,"differ differenti"
"diffus",1,"diffus"
"dimens",3,"dimens dimension multidimension"
"direct",3,"direct bidirect indirect"
"disabl",1,"disabl"
"discov",2,"discov discoveri"
"diseas",1,"diseas"
"disord",1,"disord"
"dispar",1,"dispar"
"disput",1,"disput"
"distal",1,"distal"
"diverg",1,"diverg"
"divers",1,"divers"
"domain",1,"domain"
"dorsal",1,"dorsal"
"dramat",1,"dramat"
"driven",1,"driven"
"dyslex",2,"dyslex dyslexia"
"easier",1,"easier"
"easili",1,"easili"
"ecolog",1,"ecolog"
"econom",1,"econom"
"effect",2,"effect effector"
"effici",3,"effici coeffici ineffici"
"effort",1,"effort"
"elabor",1,"elabor"
"electr",8,"electr electrod electromagnet electromyograph electrophysiolog electroencephalogram electroencephalograph electroencephalographi"
"elicit",1,"elicit"
"elimin",2,"elimin preliminari"
"elucid",1,"elucid"
"embodi",1,"embodi"
"empath",2,"empath empathi"
"emphas",2,"emphas emphasi"
"employ",1,"employ"
"energi",1,"energi"
"engend",1,"engend"
"enhanc",1,"enhanc"
"enlarg",1,"enlarg"
"entail",1,"entail"
"entiti",1,"entiti"
"episod",1,"episod"
"especi",1,"especi"
"ethnic",1,"ethnic"
"euthym",1,"euthym"
"eventu",1,"eventu"
"evolut",2,"evolut evolutionari"
"examin",1,"examin"
"exampl",1,"exampl"
"exceed",1,"exceed"
"except",1,"except"
"excess",1,"excess"
"exclud",1,"exclud"
"exclus",1,"exclus"
"execut",1,"execut"
"exogen",1,"exogen"
"expand",1,"expand"
"expans",1,"expans"
"expect",2,"expect unexpect"
"expens",1,"expens"
"experi",4,"experi experienc experienti experiment"
"expert",2,"expert expertis"
"explan",1,"explan"
"explor",3,"explor unexplor exploratori"
"extant",1,"extant"
"extend",1,"extend"
"extens",1,"extens"
"extent",1,"extent"
"extern",1,"extern"
"extrem",1,"extrem"
"facial",1,"facial"
"factor",3,"factor factori olfactori"
"failur",1,"failur"
"famili",3,"famili familiar unfamiliar"
"famous",1,"famous"
"faster",1,"faster"
"fatigu",1,"fatigu"
"favour",1,"favour"
"featur",1,"featur"
"filter",1,"filter"
"finger",2,"finger fingertip"
"fissur",1,"fissur"
"fluent",2,"fluent influenti"
"fluoro",2,"fluoro fluorodeoxyglucos"
"focuss",1,"focuss"
"follow",1,"follow"
"forget",1,"forget"
"formal",1,"formal"
"format",1,"format"
"former",1,"former"
"formul",1,"formul"
"fornix",1,"fornix"
"foster",1,"foster"
"freeli",1,"freeli"
"friend",1,"friend"
"fronto",7,"fronto frontolimb frontopolar frontomedian frontopariet frontostriat frontotempor"
"fulfil",1,"fulfil"
"fusion",1,"fusion"
"gather",1,"gather"
"gender",1,"gender"
"german",1,"german"
"gestat",1,"gestat"
"gestur",1,"gestur"
"globus",1,"globus"
"glucos",2,"glucos fluorodeoxyglucos"
"glutam",1,"glutam"
"govern",1,"govern"
"ground",2,"ground background"
"growth",1,"growth"
"habitu",1,"habitu"
"handed",1,"handed"
"hander",1,"hander"
"happen",1,"happen"
"haptic",1,"haptic"
"harmon",1,"harmon"
"health",2,"health healthi"
"height",2,"height heighten"
"heroin",1,"heroin"
"heschl",1,"heschl"
"hidden",1,"hidden"
"hinder",1,"hinder"
"holist",1,"holist"
"hormon",1,"hormon"
"hospit",1,"hospit"
"httlpr",1,"httlpr"
"hunger",1,"hunger"
"hybrid",1,"hybrid"
"hypnot",1,"hypnot"
"imagin",1,"imagin"
"immedi",1,"immedi"
"impact",1,"impact"
"impair",2,"impair unimpair"
"implic",2,"implic implicit"
"import",1,"import"
"imposs",1,"imposs"
"improv",1,"improv"
"impuls",1,"impuls"
"incent",1,"incent"
"includ",1,"includ"
"inclus",1,"inclus"
"induct",1,"induct"
"infanc",1,"infanc"
"infant",1,"infant"
"inform",1,"inform"
"infrar",1,"infrar"
"ingest",1,"ingest"
"inject",1,"inject"
"injuri",1,"injuri"
"innerv",1,"innerv"
"innocu",1,"innocu"
"inpati",1,"inpati"
"insert",1,"insert"
"insula",2,"insula insular"
"intact",1,"intact"
"integr",1,"integr"
"intend",1,"intend"
"intens",2,"intens hyperintens"
"intent",1,"intent"
"interf",3,"interf interfac interfer"
"intern",1,"intern"
"interv",4,"interv interven intervent interview"
"intuit",1,"intuit"
"invari",1,"invari"
"invers",1,"invers"
"invert",1,"invert"
"invest",2,"invest investig"
"involv",1,"involv"
"larger",1,"larger"
"latenc",1,"latenc"
"latent",1,"latent"
"latter",1,"latter"
"learnt",1,"learnt"
"length",1,"length"
"lesion",3,"lesion ipsilesion contralesion"
"lesser",1,"lesser"
"letter",1,"letter"
"lexico",1,"lexico"
"limbic",1,"limbic"
"linear",2,"linear nonlinear"
"linkag",1,"linkag"
"listen",1,"listen"
"london",1,"london"
"loreta",2,"loreta sloreta"
"lowest",1,"lowest"
"luteal",1,"luteal"
"macaqu",1,"macaqu"
"machin",1,"machin"
"magnet",3,"magnet electromagnet magnetoencephalographi"
"manner",1,"manner"
"manual",1,"manual"
"margin",2,"margin supramargin"
"marker",1,"marker"
"master",1,"master"
"materi",1,"materi"
"matern",1,"matern"
"matric",1,"matric"
"matrix",1,"matrix"
"matter",1,"matter"
"maxima",1,"maxima"
"measur",1,"measur"
"mechan",2,"mechan mechanist"
"medial",1,"medial"
"median",2,"median frontomedian"
"mediat",1,"mediat"
"medium",1,"medium"
"melodi",1,"melodi"
"member",2,"member membership"
"memori",1,"memori"
"mental",1,"mental"
"mesial",1,"mesial"
"messag",1,"messag"
"method",2,"method methodolog"
"methyl",3,"methyl methylphenid methyltransferas"
"metric",1,"metric"
"midlin",1,"midlin"
"mirror",1,"mirror"
"mixtur",1,"mixtur"
"mnemon",1,"mnemon"
"modern",1,"modern"
"modest",1,"modest"
"modifi",1,"modifi"
"moment",1,"moment"
"monkey",1,"monkey"
"morbid",2,"morbid comorbid"
"moreov",1,"moreov"
"mortem",2,"mortem postmortem"
"mother",1,"mother"
"motion",1,"motion"
"mutual",1,"mutual"
"myelin",1,"myelin"
"narrat",1,"narrat"
"narrow",1,"narrow"
"nation",1,"nation"
"necess",4,"necess necessit necessari necessarili"
"neglig",1,"neglig"
"neural",1,"neural"
"neuron",1,"neuron"
"normal",1,"normal"
"normat",1,"normat"
"notabl",1,"notabl"
"notion",1,"notion"
"nuclei",1,"nuclei"
"object",1,"object"
"obscur",1,"obscur"
"observ",1,"observ"
"obsess",1,"obsess"
"obtain",1,"obtain"
"occlud",1,"occlud"
"occurr",1,"occurr"
"ocular",2,"ocular binocular"
"oddbal",1,"oddbal"
"offset",1,"offset"
"opioid",1,"opioid"
"option",1,"option"
"orbito",2,"orbito orbitofront"
"orient",2,"orient reorient"
"origin",1,"origin"
"outcom",1,"outcom"
"output",1,"output"
"outsid",1,"outsid"
"overal",1,"overal"
"oxygen",1,"oxygen"
"packag",1,"packag"
"parcel",1,"parcel"
"parent",1,"parent"
"pariet",7,"pariet parieto intrapariet frontopariet parietotempor temporopariet occipitopariet"
"partit",1,"partit"
"passag",1,"passag"
"passiv",1,"passiv"
"perfus",2,"perfus hypoperfus"
"period",1,"period"
"perman",1,"perman"
"permit",1,"permit"
"permut",1,"permut"
"person",2,"person interperson"
"pervas",1,"pervas"
"phasic",1,"phasic"
"phobia",1,"phobia"
"phobic",1,"phobic"
"phonem",1,"phonem"
"phonet",1,"phonet"
"photon",1,"photon"
"phrase",1,"phrase"
"physic",1,"physic"
"pictur",1,"pictur"
"planar",1,"planar"
"planum",1,"planum"
"plasma",1,"plasma"
"player",1,"player"
"pontin",1,"pontin"
"poorer",1,"poorer"
"postop",1,"postop"
"postul",1,"postul"
"postur",1,"postur"
"potent",2,"potent potenti"
"preced",1,"preced"
"precis",1,"precis"
"prefer",2,"prefer preferenti"
"premis",1,"premis"
"prenat",1,"prenat"
"prepar",2,"prepar preparatori"
"prepot",1,"prepot"
"presma",1,"presma"
"presum",1,"presum"
"preval",1,"preval"
"primat",1,"primat"
"priori",2,"priori priorit"
"produc",4,"produc product reproduc reproduct"
"profil",1,"profil"
"promin",1,"promin"
"promis",2,"promis compromis"
"promot",1,"promot"
"prompt",1,"prompt"
"propag",1,"propag"
"proper",2,"proper properti"
"propos",1,"propos"
"prosod",2,"prosod prosodi"
"proven",1,"proven"
"provid",1,"provid"
"provoc",1,"provoc"
"provok",1,"provok"
"proxim",2,"proxim approxim"
"pseudo",2,"pseudo pseudoword"
"public",1,"public"
"punish",1,"punish"
"purpos",1,"purpos"
"qualit",2,"qualit qualiti"
"radial",1,"radial"
"radiat",2,"radiat radiata"
"random",1,"random"
"ration",2,"ration operation"
"reader",1,"reader"
"realiz",1,"realiz"
"reason",1,"reason"
"receiv",1,"receiv"
"recenc",1,"recenc"
"recent",2,"recent precentr"
"recept",2,"recept receptor"
"recogn",2,"recogn recognit"
"record",1,"record"
"recurr",1,"recurr"
"reduct",1,"reduct"
"reflex",1,"reflex"
"regard",2,"regard regardless"
"region",3,"region subregion interregion"
"regist",2,"regist registr"
"reject",1,"reject"
"relaps",1,"relaps"
"releas",1,"releas"
"relief",1,"relief"
"remain",1,"remain"
"remark",1,"remark"
"remedi",1,"remedi"
"rememb",1,"rememb"
"remind",1,"remind"
"remiss",1,"remiss"
"render",1,"render"
"replac",1,"replac"
"replic",1,"replic"
"report",1,"report"
"repres",2,"repres represent"
"requir",1,"requir"
"resect",1,"resect"
"reserv",2,"reserv preserv"
"residu",1,"residu"
"resili",1,"resili"
"resist",1,"resist"
"resolv",2,"resolv unresolv"
"restor",1,"restor"
"result",1,"result"
"retain",1,"retain"
"retard",1,"retard"
"retent",1,"retent"
"retest",1,"retest"
"reveal",1,"reveal"
"revers",1,"revers"
"review",1,"review"
"reward",1,"reward"
"rhythm",2,"rhythm rhythmic"
"robust",1,"robust"
"rodent",1,"rodent"
"roland",1,"roland"
"routin",1,"routin"
"saccad",2,"saccad antisaccad"
"safeti",1,"safeti"
"satiat",1,"satiat"
"schema",1,"schema"
"scheme",1,"scheme"
"school",1,"school"
"screen",1,"screen"
"script",2,"script descript"
"search",3,"search research searchlight"
"second",3,"second secondari millisecond"
"sector",1,"sector"
"segreg",1,"segreg"
"seizur",1,"seizur"
"select",1,"select"
"semant",1,"semant"
"sensat",1,"sensat"
"sensit",3,"sensit insensit hypersensit"
"sensor",6,"sensor sensori unisensori multisensori sensorimotor somatosensori"
"serial",1,"serial"
"servic",1,"servic"
"sexual",1,"sexual"
"signal",1,"signal"
"signer",1,"signer"
"silent",1,"silent"
"situat",1,"situat"
"slight",1,"slight"
"slower",1,"slower"
"smoker",1,"smoker"
"smooth",1,"smooth"
"social",1,"social"
"spatio",2,"spatio spatiotempor"
"specif",4,"specif specifi unspecif nonspecif"
"specul",1,"specul"
"speech",2,"speech nonspeech"
"spider",1,"spider"
"spinal",1,"spinal"
"spoken",1,"spoken"
"spread",2,"spread widespread"
"stabil",1,"stabil"
"startl",1,"startl"
"static",1,"static"
"status",1,"status"
"steadi",1,"steadi"
"stimul",3,"stimul stimuli stimulus"
"storag",1,"storag"
"stream",2,"stream downstream"
"stress",3,"stress distress stressor"
"striat",6,"striat striato striatal striatum frontostriat corticostriat"
"strict",2,"strict restrict"
"strike",1,"strike"
"string",1,"string"
"stroke",1,"stroke"
"strong",3,"strong stronger strongest"
"stroop",1,"stroop"
"sublex",1,"sublex"
"submit",1,"submit"
"subset",1,"subset"
"subtyp",1,"subtyp"
"sudden",1,"sudden"
"suffer",1,"suffer"
"sulcal",1,"sulcal"
"sulcus",1,"sulcus"
"summar",1,"summar"
"suppli",1,"suppli"
"suppos",1,"suppos"
"surfac",1,"surfac"
"surgic",1,"surgic"
"survey",1,"survey"
"surviv",2,"surviv survivor"
"syllab",2,"syllab syllabl"
"symbol",1,"symbol"
"synapt",1,"synapt"
"syntax",1,"syntax"
"system",3,"system systemat subsystem"
"tactil",2,"tactil vibrotactil"
"tandem",1,"tandem"
"target",1,"target"
"tempor",13,"tempor temporo temporal temporari intertempor temporarili contemporari frontotempor inferotempor spatiotempor parietotempor temporopariet occipitotempor"
"tensor",1,"tensor"
"termin",2,"termin determin"
"textur",1,"textur"
"thalam",8,"thalam thalami thalamo thalamus subthalam hypothalam thalamocort hypothalamus"
"themat",2,"themat mathemat"
"theori",1,"theori"
"threat",2,"threat threaten"
"toward",1,"toward"
"tracer",1,"tracer"
"tradit",1,"tradit"
"trauma",3,"trauma traumat posttraumat"
"unawar",1,"unawar"
"unbias",1,"unbias"
"underw",1,"underw"
"unfair",1,"unfair"
"unfold",1,"unfold"
"unimod",1,"unimod"
"unseen",1,"unseen"
"utilis",1,"utilis"
"valenc",1,"valenc"
"valmet",1,"valmet"
"valuat",1,"valuat"
"variat",1,"variat"
"vector",1,"vector"
"ventro",3,"ventro ventromedi ventrolater"
"verbal",1,"verbal"
"verifi",1,"verifi"
"vertex",1,"vertex"
"vertic",1,"vertic"
"vibrat",1,"vibrat"
"viewer",1,"viewer"
"violat",1,"violat"
"viscer",1,"viscer"
"visibl",1,"visibl"
"vision",1,"vision"
"visual",1,"visual"
"vulner",1,"vulner"
"weaken",1,"weaken"
"weaker",1,"weaker"
"wealth",1,"wealth"
"weight",2,"weight overweight"
"window",1,"window"
"abolish",1,"abolish"
"absolut",1,"absolut"
"acceler",1,"acceler"
"accentu",1,"accentu"
"account",1,"account"
"accumul",1,"accumul"
"address",1,"address"
"adolesc",1,"adolesc"
"aesthet",1,"aesthet"
"aggress",1,"aggress"
"agonist",3,"agonist antagonist protagonist"
"alcohol",1,"alcohol"
"algebra",1,"algebra"
"alzheim",1,"alzheim"
"amelior",1,"amelior"
"amnesia",1,"amnesia"
"amplifi",1,"amplifi"
"amyloid",1,"amyloid"
"analges",2,"analges analgesia"
"analogu",1,"analogu"
"analysi",1,"analysi"
"anatomi",2,"anatomi neuroanatomi"
"angular",2,"angular triangulari"
"animaci",1,"animaci"
"anomali",1,"anomali"
"anteced",1,"anteced"
"anticip",2,"anticip anticipatori"
"anxieti",1,"anxieti"
"anxious",1,"anxious"
"aphasia",1,"aphasia"
"appetit",1,"appetit"
"apprais",2,"apprais reapprais"
"appreci",1,"appreci"
"apraxia",1,"apraxia"
"articul",3,"articul particular articulatori"
"assembl",1,"assembl"
"assumpt",1,"assumpt"
"atrophi",1,"atrophi"
"attempt",1,"attempt"
"attitud",1,"attitud"
"attract",1,"attract"
"augment",1,"augment"
"automat",1,"automat"
"autonom",1,"autonom"
"baselin",1,"baselin"
"batteri",1,"batteri"
"benefit",1,"benefit"
"bilater",1,"bilater"
"bilingu",1,"bilingu"
"biomark",1,"biomark"
"bipolar",1,"bipolar"
"bladder",1,"bladder"
"broader",1,"broader"
"brought",1,"brought"
"bulimia",1,"bulimia"
"cannabi",1,"cannabi"
"cardiac",1,"cardiac"
"caregiv",1,"caregiv"
"carrier",1,"carrier"
"cartoon",1,"cartoon"
"categor",2,"categor categori"
"caution",1,"caution"
"central",1,"central"
"cerebro",2,"cerebro cerebrospin"
"channel",1,"channel"
"charact",4,"charact character characteris characterist"
"chronic",1,"chronic"
"cingulo",1,"cingulo"
"circuit",3,"circuit circuitri neurocircuitri"
"clarifi",1,"clarifi"
"classic",1,"classic"
"classif",2,"classif classifi"
"cluster",1,"cluster"
"coactiv",1,"coactiv"
"coexist",1,"coexist"
"coincid",1,"coincid"
"collect",2,"collect recollect"
"command",1,"command"
"commiss",2,"commiss commissur"
"compart",1,"compart"
"compens",2,"compens compensatori"
"complet",2,"complet incomplet"
"complex",1,"complex"
"complic",1,"complic"
"compris",1,"compris"
"compuls",1,"compuls"
"conceiv",1,"conceiv"
"concept",2,"concept conceptu"
"concern",1,"concern"
"concert",1,"concert"
"conclud",1,"conclud"
"conclus",2,"conclus inconclus"
"concord",1,"concord"
"concret",1,"concret"
"concurr",1,"concurr"
"conduct",1,"conduct"
"confirm",1,"confirm"
"conform",1,"conform"
"connect",4,"connect disconnect dysconnect interconnect"
"consequ",1,"consequ"
"conserv",1,"conserv"
"consist",2,"consist inconsist"
"contact",1,"contact"
"contain",1,"contain"
"content",1,"content"
"context",2,"context contextu"
"contigu",1,"contigu"
"conting",1,"conting"
"continu",2,"continu continuum"
"contour",1,"contour"
"control",1,"control"
"convent",1,"convent"
"converg",1,"converg"
"convers",1,"convers"
"convert",1,"convert"
"convolv",1,"convolv"
"coordin",1,"coordin"
"correct",3,"correct incorrect uncorrect"
"cortico",5,"cortico corticolimb corticospin corticostriat mesocorticolimb"
"counter",4,"counter counteract counterpart counterbalanc"
"countri",1,"countri"
"creativ",1,"creativ"
"crossov",1,"crossov"
"crucial",1,"crucial"
"current",1,"current"
"databas",1,"databas"
"dataset",1,"dataset"
"deactiv",1,"deactiv"
"debilit",1,"debilit"
"decoupl",1,"decoupl"
"decreas",1,"decreas"
"default",1,"default"
"deficit",1,"deficit"
"definit",1,"definit"
"degener",2,"degener neurodegener"
"deliber",1,"deliber"
"densiti",1,"densiti"
"depress",2,"depress antidepress"
"descend",1,"descend"
"describ",1,"describ"
"develop",4,"develop development neurodevelop neurodevelopment"
"devianc",1,"devianc"
"deviant",1,"deviant"
"diagnos",3,"diagnos diagnosi diagnost"
"dilemma",1,"dilemma"
"dimorph",1,"dimorph"
"discern",1,"discern"
"disclos",1,"disclos"
"discord",1,"discord"
"discrep",1,"discrep"
"discret",1,"discret"
"discuss",1,"discuss"
"disgust",1,"disgust"
"displac",1,"displac"
"display",1,"display"
"disrupt",1,"disrupt"
"dissoci",1,"dissoci"
"distanc",1,"distanc"
"distant",1,"distant"
"distort",1,"distort"
"disturb",1,"disturb"
"dopamin",2,"dopamin dopaminerg"
"element",2,"element elementari"
"empathi",1,"empathi"
"emphasi",1,"emphasi"
"encount",1,"encount"
"endogen",1,"endogen"
"english",1,"english"
"ensembl",1,"ensembl"
"entropi",1,"entropi"
"environ",2,"environ environment"
"epilept",2,"epilept epileptogen"
"equival",1,"equival"
"essenti",1,"essenti"
"etiolog",2,"etiolog aetiolog"
"evidenc",1,"evidenc"
"exacerb",1,"exacerb"
"exagger",1,"exagger"
"excerpt",1,"excerpt"
"exchang",1,"exchang"
"exercis",1,"exercis"
"exhibit",1,"exhibit"
"explain",1,"explain"
"exploit",1,"exploit"
"exposur",1,"exposur"
"express",1,"express"
"extinct",1,"extinct"
"extract",1,"extract"
"extrins",1,"extrins"
"facilit",2,"facilit facilitatori"
"factori",2,"factori olfactori"
"fashion",1,"fashion"
"feasibl",1,"feasibl"
"financi",1,"financi"
"flanker",1,"flanker"
"flexibl",1,"flexibl"
"flexion",1,"flexion"
"fluenci",1,"fluenci"
"forearm",1,"forearm"
"foreign",1,"foreign"
"forward",2,"forward feedforward"
"foundat",1,"foundat"
"freedom",1,"freedom"
"frontal",1,"frontal"
"ganglia",1,"ganglia"
"general",2,"general generaliz"
"generat",1,"generat"
"generic",1,"generic"
"genicul",1,"genicul"
"genotyp",1,"genotyp"
"geometr",1,"geometr"
"geriatr",1,"geriatr"
"global_",1,"global_"
"gradual",1,"gradual"
"grammar",1,"grammar"
"grammat",1,"grammat"
"granger",1,"granger"
"graphem",1,"graphem"
"greater",1,"greater"
"guidanc",1,"guidanc"
"healthi",1,"healthi"
"heavili",1,"heavili"
"histori",1,"histori"
"homogen",1,"homogen"
"homolog",2,"homolog homologu"
"homotop",1,"homotop"
"homozyg",2,"homozyg homozygot"
"hypoact",2,"hypoact hypoactiv"
"identif",2,"identif identifi"
"illumin",1,"illumin"
"illustr",1,"illustr"
"imageri",1,"imageri"
"immatur",1,"immatur"
"implant",1,"implant"
"impress",1,"impress"
"inadequ",1,"inadequ"
"increas",1,"increas"
"indices",1,"indices"
"infarct",1,"infarct"
"inflamm",2,"inflamm inflammatori"
"inflect",1,"inflect"
"infrequ",1,"infrequ"
"inhibit",4,"inhibit inhibitor disinhibit inhibitori"
"insight",1,"insight"
"inspect",1,"inspect"
"instanc",1,"instanc"
"instead",1,"instead"
"insular",1,"insular"
"intract",1,"intract"
"intrigu",1,"intrigu"
"intrins",1,"intrins"
"invalid",1,"invalid"
"irrelev",1,"irrelev"
"isometr",1,"isometr"
"journal",1,"journal"
"kinemat",1,"kinemat"
"languag",1,"languag"
"largest",1,"largest"
"learner",1,"learner"
"lifetim",1,"lifetim"
"likewis",1,"likewis"
"lingual",1,"lingual"
"localis",1,"localis"
"locomot",2,"locomot locomotor"
"mainten",1,"mainten"
"manipul",1,"manipul"
"maximum",1,"maximum"
"meaning",2,"meaning meaningless"
"medulla",1,"medulla"
"metabol",2,"metabol hypometabol"
"minimum",1,"minimum"
"mislead",1,"mislead"
"modular",1,"modular"
"modules",1,"modules"
"monitor",1,"monitor"
"monoton",1,"monoton"
"multipl",1,"multipl"
"neglect",1,"neglect"
"neocort",2,"neocort neocortex"
"nervosa",1,"nervosa"
"nervous",1,"nervous"
"network",1,"network"
"neutral",1,"neutral"
"nicotin",1,"nicotin"
"nonpain",1,"nonpain"
"nonsens",1,"nonsens"
"nonsoci",1,"nonsoci"
"nonverb",1,"nonverb"
"nonvisu",1,"nonvisu"
"nonword",1,"nonword"
"novelti",1,"novelti"
"noxious",1,"noxious"
"nucleus",1,"nucleus"
"obvious",1,"obvious"
"occipit",4,"occipit occipito occipitopariet occipitotempor"
"oneself",1,"oneself"
"opposit",2,"opposit opposition"
"organis",2,"organis organism"
"organiz",1,"organiz"
"orofaci",1,"orofaci"
"outpati",1,"outpati"
"overcom",1,"overcom"
"overlap",1,"overlap"
"paramet",3,"paramet parametr nonparametr"
"parieto",2,"parieto parietotempor"
"partial",1,"partial"
"partner",1,"partner"
"pathway",1,"pathway"
"patient",1,"patient"
"pattern",1,"pattern"
"pearson",1,"pearson"
"pediatr",1,"pediatr"
"peduncl",1,"peduncl"
"perceiv",1,"perceiv"
"percent",2,"percent percentag"
"percept",2,"percept perceptu"
"perfect",1,"perfect"
"perform",2,"perform outperform"
"persist",1,"persist"
"pertain",1,"pertain"
"perturb",1,"perturb"
"phantom",1,"phantom"
"pianist",1,"pianist"
"pictori",1,"pictori"
"placebo",1,"placebo"
"plastic",1,"plastic"
"plateau",1,"plateau"
"pleasur",1,"pleasur"
"popular",1,"popular"
"portion",2,"portion disproportion"
"positiv",1,"positiv"
"possess",1,"possess"
"possibl",1,"possibl"
"potenti",1,"potenti"
"practic",1,"practic"
"pragmat",1,"pragmat"
"preclin",1,"preclin"
"preclud",1,"preclud"
"predict",3,"predict predictor unpredict"
"pregenu",1,"pregenu"
"preoper",1,"preoper"
"presenc",1,"presenc"
"present",2,"present represent"
"preserv",1,"preserv"
"pressur",1,"pressur"
"presurg",1,"presurg"
"preterm",1,"preterm"
"prevail",1,"prevail"
"prevent",1,"prevent"
"primari",2,"primari primarili"
"princip",2,"princip principl"
"priorit",1,"priorit"
"probabl",1,"probabl"
"problem",2,"problem problemat"
"proceed",1,"proceed"
"process",3,"process preprocess subprocess"
"prodrom",1,"prodrom"
"product",2,"product reproduct"
"profici",1,"profici"
"program",1,"program"
"project",1,"project"
"prolong",1,"prolong"
"propens",1,"propens"
"proport",2,"proport disproportion"
"prosodi",1,"prosodi"
"protect",1,"protect"
"protein",2,"protein apolipoprotein"
"psychot",3,"psychot antipsychot psychotherapi"
"publish",1,"publish"
"pursuit",1,"pursuit"
"putamen",1,"putamen"
"pyramid",1,"pyramid"
"quadrat",1,"quadrat"
"qualiti",1,"qualiti"
"quantif",2,"quantif quantifi"
"quantit",2,"quantit quantiti"
"radiata",1,"radiata"
"reactiv",1,"reactiv"
"readili",1,"readili"
"realist",1,"realist"
"realiti",1,"realiti"
"receipt",1,"receipt"
"recruit",1,"recruit"
"reflect",1,"reflect"
"registr",1,"registr"
"regress",2,"regress regressor"
"regular",2,"regular irregular"
"rehears",1,"rehears"
"related",1,"related"
"reliabl",1,"reliabl"
"relianc",1,"relianc"
"reorgan",1,"reorgan"
"repeat_",1,"repeat_"
"repetit",1,"repetit"
"request",1,"request"
"resembl",1,"resembl"
"resolut",1,"resolut"
"resourc",1,"resourc"
"respect",2,"respect irrespect"
"respond",2,"respond correspond"
"respons",1,"respons"
"retriev",1,"retriev"
"return_",1,"return_"
"reuptak",1,"reuptak"
"rostral",1,"rostral"
"salienc",1,"salienc"
"salient",1,"salient"
"satieti",1,"satieti"
"scanner",1,"scanner"
"schedul",1,"schedul"
"scrambl",1,"scrambl"
"section",1,"section"
"segment",1,"segment"
"sensori",5,"sensori unisensori multisensori sensorimotor somatosensori"
"sentenc",1,"sentenc"
"sequenc",1,"sequenc"
"serious",1,"serious"
"session",1,"session"
"shallow",1,"shallow"
"shorter",1,"shorter"
"similar",2,"similar dissimilar"
"sloreta",1,"sloreta"
"societi",1,"societi"
"softwar",1,"softwar"
"sophist",1,"sophist"
"spatial",1,"spatial"
"speaker",1,"speaker"
"special",2,"special specialis"
"specifi",1,"specifi"
"spontan",1,"spontan"
"statist",1,"statist"
"stepwis",1,"stepwis"
"steroid",1,"steroid"
"stimuli",1,"stimuli"
"strateg",2,"strateg strategi"
"striato",1,"striato"
"student",1,"student"
"stutter",1,"stutter"
"subclin",1,"subclin"
"subcort",1,"subcort"
"subgenu",1,"subgenu"
"subject",3,"subject subjected intersubject"
"subscal",1,"subscal"
"subsequ",1,"subsequ"
"subserv",1,"subserv"
"succeed",1,"succeed"
"success",2,"success unsuccess"
"suffici",2,"suffici insuffici"
"suggest",1,"suggest"
"suitabl",1,"suitabl"
"support",1,"support"
"surgeri",1,"surgeri"
"surpris",1,"surpris"
"suscept",1,"suscept"
"sustain",1,"sustain"
"switch_",1,"switch_"
"syllabl",1,"syllabl"
"sylvian",2,"sylvian perisylvian"
"symmetr",4,"symmetr asymmetr symmetri asymmetri"
"symptom",4,"symptom symptomat asymptomat symptomatolog"
"syndrom",1,"syndrom"
"syntact",1,"syntact"
"synthet",1,"synthet"
"technic",1,"technic"
"tegment",1,"tegment"
"tempera",2,"tempera temperatur"
"templat",1,"templat"
"temporo",2,"temporo temporopariet"
"tendenc",1,"tendenc"
"thalami",1,"thalami"
"thalamo",2,"thalamo thalamocort"
"theoret",1,"theoret"
"therapi",2,"therapi psychotherapi"
"thermal",1,"thermal"
"toolbox",1,"toolbox"
"topolog",1,"topolog"
"tourett",1,"tourett"
"transit",1,"transit"
"traumat",2,"traumat posttraumat"
"trigger",1,"trigger"
"ubiquit",1,"ubiquit"
"unchang",1,"unchang"
"unclear",1,"unclear"
"undergo",1,"undergo"
"underli",2,"underli underlin"
"uniform",1,"uniform"
"unimanu",1,"unimanu"
"unitari",1,"unitari"
"univari",1,"univari"
"univers",1,"univers"
"unknown",1,"unknown"
"unpleas",1,"unpleas"
"unravel",1,"unravel"
"unstudi",1,"unstudi"
"untrain",1,"untrain"
"untreat",1,"untreat"
"upregul",1,"upregul"
"upright",1,"upright"
"valuabl",1,"valuabl"
"variabl",1,"variabl"
"varianc",1,"varianc"
"variant",1,"variant"
"varieti",1,"varieti"
"various",1,"various"
"ventral",1,"ventral"
"version",1,"version"
"veteran",1,"veteran"
"violenc",1,"violenc"
"virtual",1,"virtual"
"warrant",1,"warrant"
"wernick",1,"wernick"
"western",1,"western"
"written",1,"written"
"abstract",1,"abstract"
"accommod",1,"accommod"
"accumben",1,"accumben"
"accuraci",1,"accuraci"
"acquisit",1,"acquisit"
"acupoint",1,"acupoint"
"administ",2,"administ administr"
"advantag",2,"advantag disadvantag"
"aetiolog",1,"aetiolog"
"alphabet",1,"alphabet"
"altogeth",1,"altogeth"
"amplitud",1,"amplitud"
"amygdala",2,"amygdala amygdalar"
"anesthet",1,"anesthet"
"anorexia",1,"anorexia"
"anterior",1,"anterior"
"antisoci",1,"antisoci"
"approach",1,"approach"
"appropri",2,"appropri inappropri"
"approxim",1,"approxim"
"argument",1,"argument"
"arithmet",1,"arithmet"
"artefact",1,"artefact"
"artifact",1,"artifact"
"artifici",1,"artifici"
"asymmetr",2,"asymmetr asymmetri"
"attribut",1,"attribut"
"auditori",2,"auditori auditorili"
"backward",1,"backward"
"bayesian",1,"bayesian"
"beamform",1,"beamform"
"behavior",2,"behavior neurobehavior"
"benefici",1,"benefici"
"bidirect",1,"bidirect"
"boundari",1,"boundari"
"brodmann",1,"brodmann"
"calcarin",1,"calcarin"
"callosum",1,"callosum"
"catechol",1,"catechol"
"categori",1,"categori"
"cautious",1,"cautious"
"cellular",1,"cellular"
"cerebrum",1,"cerebrum"
"challeng",1,"challeng"
"children",1,"children"
"cigarett",1,"cigarett"
"cingulum",1,"cingulum"
"circumst",1,"circumst"
"classifi",1,"classifi"
"coeffici",1,"coeffici"
"collabor",1,"collabor"
"collater",1,"collater"
"communic",1,"communic"
"comorbid",1,"comorbid"
"competit",1,"competit"
"composit",3,"composit composition decomposition"
"compound",1,"compound"
"computer",1,"computer"
"concentr",1,"concentr"
"conceptu",1,"conceptu"
"concomit",1,"concomit"
"configur",1,"configur"
"conflict",1,"conflict"
"confound",1,"confound"
"confront",1,"confront"
"congenit",1,"congenit"
"conjoint",1,"conjoint"
"conjunct",1,"conjunct"
"consecut",1,"consecut"
"consider",1,"consider"
"consolid",1,"consolid"
"constant",1,"constant"
"constitu",2,"constitu constitut"
"consumpt",1,"consumpt"
"contamin",1,"contamin"
"contextu",1,"contextu"
"contract",1,"contract"
"contrari",1,"contrari"
"contrast",1,"contrast"
"corrobor",1,"corrobor"
"cortisol",1,"cortisol"
"creation",1,"creation"
"criteria",1,"criteria"
"crossmod",1,"crossmod"
"decompos",2,"decompos decomposition"
"deleteri",1,"deleteri"
"deliveri",1,"deliveri"
"dementia",1,"dementia"
"demonstr",1,"demonstr"
"descript",1,"descript"
"deterior",1,"deterior"
"determin",1,"determin"
"diagnosi",1,"diagnosi"
"diagnost",1,"diagnost"
"diminish",1,"diminish"
"discharg",1,"discharg"
"discount",1,"discount"
"discours",1,"discours"
"disengag",1,"disengag"
"disorgan",1,"disorgan"
"distinct",1,"distinct"
"distract",2,"distract distractor"
"distress",1,"distress"
"document",1,"document"
"dysfunct",1,"dysfunct"
"dyslexia",1,"dyslexia"
"dysregul",1,"dysregul"
"dystonia",1,"dystonia"
"effector",1,"effector"
"efficaci",1,"efficaci"
"egocentr",1,"egocentr"
"electrod",1,"electrod"
"encourag",1,"encourag"
"endocrin",1,"endocrin"
"entorhin",1,"entorhin"
"epilepsi",1,"epilepsi"
"estrogen",1,"estrogen"
"exemplar",1,"exemplar"
"expertis",1,"expertis"
"explicit",1,"explicit"
"familiar",2,"familiar unfamiliar"
"feedback",2,"feedback neurofeedback"
"fluctuat",1,"fluctuat"
"fraction",1,"fraction"
"freesurf",1,"freesurf"
"frequenc",1,"frequenc"
"frequent",1,"frequent"
"fusiform",1,"fusiform"
"gaussian",1,"gaussian"
"gradient",1,"gradient"
"greatest",1,"greatest"
"hallmark",1,"hallmark"
"hallucin",1,"hallucin"
"hamilton",1,"hamilton"
"heighten",1,"heighten"
"hierarch",2,"hierarch hierarchi"
"histolog",1,"histolog"
"homologu",1,"homologu"
"horizont",1,"horizont"
"hyperact",2,"hyperact hyperactiv"
"hypothes",3,"hypothes hypothesi hypothesis"
"hypothet",1,"hypothet"
"identifi",1,"identifi"
"idiopath",1,"idiopath"
"illusori",1,"illusori"
"implicit",1,"implicit"
"inanimat",1,"inanimat"
"inattent",1,"inattent"
"incident",1,"incident"
"incompat",1,"incompat"
"incongru",1,"incongru"
"incorpor",1,"incorpor"
"independ",1,"independ"
"indirect",1,"indirect"
"individu",2,"individu interindividu"
"ineffici",1,"ineffici"
"inferior",1,"inferior"
"influenc",1,"influenc"
"insensit",1,"insensit"
"instanti",1,"instanti"
"instruct",1,"instruct"
"intellig",1,"intellig"
"interact",1,"interact"
"interest",1,"interest"
"interfac",1,"interfac"
"interfer",1,"interfer"
"interict",1,"interict"
"intermix",1,"intermix"
"interrel",1,"interrel"
"interven",2,"interven intervent"
"intranas",1,"intranas"
"intraven",1,"intraven"
"introduc",1,"introduc"
"investig",1,"investig"
"joystick",1,"joystick"
"judgment",1,"judgment"
"junction",1,"junction"
"knowledg",1,"knowledg"
"landmark",1,"landmark"
"leftward",1,"leftward"
"levodopa",1,"levodopa"
"lifespan",1,"lifespan"
"linguist",2,"linguist nonlinguist"
"magnitud",1,"magnitud"
"maintain",1,"maintain"
"majority",1,"majority"
"maladapt",1,"maladapt"
"manifest",1,"manifest"
"mathemat",1,"mathemat"
"mesolimb",1,"mesolimb"
"metaphor",1,"metaphor"
"midbrain",1,"midbrain"
"mismatch",1,"mismatch"
"monetari",1,"monetari"
"movement",1,"movement"
"multimod",1,"multimod"
"musician",2,"musician nonmusician"
"necessit",1,"necessit"
"neighbor",1,"neighbor"
"neurolog",1,"neurolog"
"neurosci",2,"neurosci neuroscientif"
"neurotic",1,"neurotic"
"neurotyp",1,"neurotyp"
"nocicept",1,"nocicept"
"nonhuman",1,"nonhuman"
"noninvas",1,"noninvas"
"nonmotor",1,"nonmotor"
"nonspati",1,"nonspati"
"occasion",1,"occasion"
"occipito",3,"occipito occipitopariet occipitotempor"
"opportun",1,"opportun"
"orbitali",1,"orbitali"
"ordinari",1,"ordinari"
"organism",1,"organism"
"orthogon",1,"orthogon"
"oxytocin",1,"oxytocin"
"pallidum",1,"pallidum"
"pallidus",1,"pallidus"
"pantomim",1,"pantomim"
"paradigm",1,"paradigm"
"paralimb",1,"paralimb"
"parallel",1,"parallel"
"parametr",2,"parametr nonparametr"
"particip",1,"particip"
"patholog",3,"patholog neuropatholog psychopatholog"
"perceptu",1,"perceptu"
"perigenu",1,"perigenu"
"peripher",2,"peripher peripheri"
"perirhin",1,"perirhin"
"perspect",1,"perspect"
"phenotyp",2,"phenotyp endophenotyp"
"phonolog",1,"phonolog"
"piriform",1,"piriform"
"plausibl",1,"plausibl"
"pleasant",1,"pleasant"
"position",6,"position opposition composition disposition decomposition predisposition"
"positron",1,"positron"
"precentr",1,"precentr"
"predefin",1,"predefin"
"predomin",1,"predomin"
"prefront",1,"prefront"
"premotor",1,"premotor"
"prescrib",1,"prescrib"
"previous",1,"previous"
"principl",1,"principl"
"proactiv",1,"proactiv"
"procedur",1,"procedur"
"profound",1,"profound"
"progress",1,"progress"
"pronounc",1,"pronounc"
"properti",1,"properti"
"prospect",1,"prospect"
"protocol",1,"protocol"
"prototyp",1,"prototyp"
"psychosi",1,"psychosi"
"pulvinar",1,"pulvinar"
"quadrant",1,"quadrant"
"quantifi",1,"quantifi"
"quantiti",1,"quantiti"
"question",2,"question questionnair"
"quotient",1,"quotient"
"reaction",1,"reaction"
"receptor",1,"receptor"
"reciproc",1,"reciproc"
"recognit",1,"recognit"
"reconcil",1,"reconcil"
"recoveri",1,"recoveri"
"referenc",1,"referenc"
"reinforc",1,"reinforc"
"reorient",1,"reorient"
"reproduc",2,"reproduc reproduct"
"research",1,"research"
"restrict",1,"restrict"
"rhythmic",1,"rhythmic"
"salivari",1,"salivari"
"scenario",1,"scenario"
"scientif",2,"scientif neuroscientif"
"sclerosi",1,"sclerosi"
"sententi",1,"sententi"
"sequenti",1,"sequenti"
"signatur",1,"signatur"
"signific",1,"signific"
"simultan",1,"simultan"
"singular",1,"singular"
"somewhat",1,"somewhat"
"spectral",1,"spectral"
"spectrum",1,"spectrum"
"splenium",1,"splenium"
"standard",1,"standard"
"stimulus",1,"stimulus"
"stochast",1,"stochast"
"stranger",1,"stranger"
"strategi",1,"strategi"
"strength",2,"strength strengthen"
"stressor",1,"stressor"
"striatal",1,"striatal"
"striatum",1,"striatum"
"stronger",1,"stronger"
"structur",2,"structur microstructur"
"subdivid",1,"subdivid"
"subdivis",1,"subdivis"
"subgroup",1,"subgroup"
"sublimin",1,"sublimin"
"suboptim",1,"suboptim"
"subsampl",1,"subsampl"
"substanc",1,"substanc"
"substrat",1,"substrat"
"subtract",1,"subtract"
"superior",1,"superior"
"suppress",1,"suppress"
"supramod",1,"supramod"
"surround",1,"surround"
"survivor",1,"survivor"
"symmetri",2,"symmetri asymmetri"
"synchron",5,"synchron asynchron synchroni asynchroni desynchron"
"synthesi",1,"synthesi"
"systemat",1,"systemat"
"techniqu",1,"techniqu"
"temporal",1,"temporal"
"thalamus",2,"thalamus hypothalamus"
"thorough",1,"thorough"
"threaten",1,"threaten"
"tinnitus",1,"tinnitus"
"transfer",2,"transfer methyltransferas"
"translat",1,"translat"
"transmit",2,"transmit neurotransmitt"
"transpar",1,"transpar"
"trigemin",1,"trigemin"
"unaffect",1,"unaffect"
"unambigu",1,"unambigu"
"unattend",1,"unattend"
"uncondit",1,"uncondit"
"unconsci",1,"unconsci"
"underlin",1,"underlin"
"underpin",1,"underpin"
"unexpect",1,"unexpect"
"unexplor",1,"unexplor"
"unilater",1,"unilater"
"unimpair",1,"unimpair"
"unipolar",1,"unipolar"
"unresolv",1,"unresolv"
"unspecif",1,"unspecif"
"vascular",2,"vascular cardiovascular"
"ventricl",1,"ventricl"
"volumetr",2,"volumetr volumetri"
"voxelwis",1,"voxelwis"
"waveform",1,"waveform"
"wechsler",1,"wechsler"
"withdraw",1,"withdraw"
"accompani",1,"accompani"
"administr",1,"administr"
"adulthood",1,"adulthood"
"agreement",1,"agreement"
"algorithm",1,"algorithm"
"allocentr",1,"allocentr"
"allodynia",1,"allodynia"
"amygdalar",1,"amygdalar"
"amyotroph",1,"amyotroph"
"analgesia",1,"analgesia"
"anhedonia",1,"anhedonia"
"arbitrari",1,"arbitrari"
"ascertain",1,"ascertain"
"asymmetri",1,"asymmetri"
"asynchron",2,"asynchron asynchroni"
"audiovisu",1,"audiovisu"
"binocular",1,"binocular"
"blindfold",1,"blindfold"
"borderlin",1,"borderlin"
"brainstem",1,"brainstem"
"breakdown",1,"breakdown"
"caucasian",1,"caucasian"
"certainti",2,"certainti uncertainti"
"character",3,"character characteris characterist"
"checklist",1,"checklist"
"childhood",1,"childhood"
"cholinerg",1,"cholinerg"
"chromosom",1,"chromosom"
"circuitri",2,"circuitri neurocircuitri"
"claustrum",1,"claustrum"
"clinician",1,"clinician"
"commissur",1,"commissur"
"communiti",1,"communiti"
"complaint",1,"complaint"
"compromis",1,"compromis"
"congruenc",1,"congruenc"
"congruent",1,"congruent"
"conscious",1,"conscious"
"consensus",1,"consensus"
"constitut",1,"constitut"
"constrain",2,"constrain constraint"
"construct",2,"construct reconstruct"
"continuum",1,"continuum"
"contribut",2,"contribut contributor"
"criterion",1,"criterion"
"decrement",1,"decrement"
"demograph",1,"demograph"
"detriment",1,"detriment"
"dichotomi",1,"dichotomi"
"difficult",2,"difficult difficulti"
"dimension",2,"dimension multidimension"
"disambigu",1,"disambigu"
"disappear",1,"disappear"
"discoveri",1,"discoveri"
"discrimin",1,"discrimin"
"distribut",1,"distribut"
"dorsomedi",1,"dorsomedi"
"downregul",1,"downregul"
"encompass",1,"encompass"
"establish",1,"establish"
"estradiol",1,"estradiol"
"experienc",1,"experienc"
"exponenti",1,"exponenti"
"extrastri",1,"extrastri"
"extravers",1,"extravers"
"fasciculi",1,"fasciculi"
"fingertip",1,"fingertip"
"forebrain",1,"forebrain"
"forgotten",1,"forgotten"
"framework",1,"framework"
"function_",1,"function_"
"fundament",1,"fundament"
"generaliz",1,"generaliz"
"gustatori",1,"gustatori"
"hemifield",1,"hemifield"
"hemispher",2,"hemispher interhemispher"
"hemodynam",1,"hemodynam"
"heterogen",1,"heterogen"
"heteromod",1,"heteromod"
"hierarchi",1,"hierarchi"
"highlight",1,"highlight"
"hippocamp",5,"hippocamp hippocampi hippocampus parahippocamp parahippocampus"
"homeostat",1,"homeostat"
"homozygot",1,"homozygot"
"hypertens",1,"hypertens"
"hypoactiv",1,"hypoactiv"
"hypothesi",2,"hypothesi hypothesis"
"implement",1,"implement"
"incomplet",1,"incomplet"
"inconclus",1,"inconclus"
"inconsist",1,"inconsist"
"incorrect",1,"incorrect"
"increment",1,"increment"
"inferenti",1,"inferenti"
"influenti",1,"influenti"
"inhibitor",2,"inhibitor inhibitori"
"instantan",1,"instantan"
"insuffici",1,"insuffici"
"interleav",1,"interleav"
"intermedi",1,"intermedi"
"intermitt",1,"intermitt"
"interplay",1,"interplay"
"interpret",1,"interpret"
"interrupt",1,"interrupt"
"intervent",1,"intervent"
"interview",1,"interview"
"intracort",1,"intracort"
"inventori",1,"inventori"
"ipsilater",1,"ipsilater"
"irregular",1,"irregular"
"irrespect",1,"irrespect"
"judgement",1,"judgement"
"kinesthet",1,"kinesthet"
"lateralis",1,"lateralis"
"literatur",1,"literatur"
"locomotor",1,"locomotor"
"macroscop",1,"macroscop"
"marijuana",1,"marijuana"
"mechanist",1,"mechanist"
"mediodors",1,"mediodors"
"menstrual",1,"menstrual"
"midcingul",1,"midcingul"
"molecular",1,"molecular"
"monolingu",1,"monolingu"
"monozygot",1,"monozygot"
"morpholog",1,"morpholog"
"multivari",1,"multivari"
"necessari",2,"necessari necessarili"
"neocortex",1,"neocortex"
"neuroimag",1,"neuroimag"
"neuropath",2,"neuropath neuropatholog"
"nondement",1,"nondement"
"nonlinear",1,"nonlinear"
"nonspecif",1,"nonspecif"
"nonspeech",1,"nonspeech"
"nucleotid",1,"nucleotid"
"olfactori",1,"olfactori"
"operation",1,"operation"
"opercular",2,"opercular operculari"
"operculum",1,"operculum"
"overactiv",1,"overactiv"
"ownership",1,"ownership"
"paracentr",1,"paracentr"
"parkinson",1,"parkinson"
"percentag",1,"percentag"
"peripheri",1,"peripheri"
"phenomena",1,"phenomena"
"philosoph",1,"philosoph"
"physiolog",5,"physiolog neurophysiolog pathophysiolog psychophysiolog electrophysiolog"
"pituitari",1,"pituitari"
"polymorph",1,"polymorph"
"postcentr",1,"postcentr"
"posterior",1,"posterior"
"precuneus",1,"precuneus"
"precursor",1,"precursor"
"predictor",1,"predictor"
"primarili",1,"primarili"
"problemat",1,"problemat"
"psychiatr",3,"psychiatr psychiatri neuropsychiatr"
"psycholog",2,"psycholog neuropsycholog"
"reapprais",1,"reapprais"
"recollect",1,"recollect"
"recommend",1,"recommend"
"referenti",2,"referenti preferenti"
"regressor",1,"regressor"
"rehabilit",1,"rehabilit"
"relatives",1,"relatives"
"repertoir",1,"repertoir"
"represent",1,"represent"
"reproduct",1,"reproduct"
"retinotop",1,"retinotop"
"rightward",1,"rightward"
"satisfact",1,"satisfact"
"secondari",1,"secondari"
"serotonin",1,"serotonin"
"somatotop",2,"somatotop somatotopi"
"specialis",1,"specialis"
"statement",1,"statement"
"stereotax",1,"stereotax"
"stereotyp",1,"stereotyp"
"sternberg",1,"sternberg"
"strongest",1,"strongest"
"subcallos",1,"subcallos"
"subcompon",1,"subcompon"
"subjected",1,"subjected"
"subregion",1,"subregion"
"substanti",2,"substanti substantia"
"substitut",1,"substitut"
"subsystem",1,"subsystem"
"subthalam",1,"subthalam"
"superfici",1,"superfici"
"supraspin",1,"supraspin"
"sympathet",1,"sympathet"
"symptomat",3,"symptomat asymptomat symptomatolog"
"synchroni",2,"synchroni asynchroni"
"talairach",1,"talairach"
"technolog",1,"technolog"
"temporari",3,"temporari temporarili contemporari"
"territori",1,"territori"
"therapeut",1,"therapeut"
"threshold",3,"threshold subthreshold suprathreshold"
"topograph",2,"topograph topographi"
"transform",1,"transform"
"transient",1,"transient"
"transmiss",2,"transmiss neurotransmiss"
"transport",1,"transport"
"transvers",1,"transvers"
"treatment",1,"treatment"
"ultimatum",1,"ultimatum"
"uncertain",2,"uncertain uncertainti"
"uncorrect",1,"uncorrect"
"underscor",1,"underscor"
"unequivoc",1,"unequivoc"
"unpredict",1,"unpredict"
"unsuccess",1,"unsuccess"
"viewpoint",1,"viewpoint"
"volumetri",1,"volumetri"
"voluntari",3,"voluntari involuntari voluntarili"
"wisconsin",1,"wisconsin"
"accomplish",1,"accomplish"
"acupunctur",1,"acupunctur"
"anisotropi",1,"anisotropi"
"antagonist",1,"antagonist"
"anteromedi",1,"anteromedi"
"anticorrel",1,"anticorrel"
"antisaccad",1,"antisaccad"
"asymptomat",1,"asymptomat"
"asynchroni",1,"asynchroni"
"auditorili",1,"auditorili"
"background",1,"background"
"cerebellar",1,"cerebellar"
"cerebellum",1,"cerebellum"
"colliculus",1,"colliculus"
"comparison",1,"comparison"
"complement",2,"complement complementari"
"comprehend",1,"comprehend"
"comprehens",1,"comprehens"
"constraint",1,"constraint"
"contradict",2,"contradict contradictori"
"correspond",1,"correspond"
"counteract",1,"counteract"
"desynchron",1,"desynchron"
"differenti",1,"differenti"
"difficulti",1,"difficulti"
"disconnect",1,"disconnect"
"disentangl",1,"disentangl"
"disinhibit",1,"disinhibit"
"dissimilar",1,"dissimilar"
"distractor",1,"distractor"
"dopaminerg",1,"dopaminerg"
"dorsolater",1,"dorsolater"
"downstream",1,"downstream"
"dysconnect",1,"dysconnect"
"elementari",1,"elementari"
"excitatori",1,"excitatori"
"experienti",1,"experienti"
"experiment",1,"experiment"
"fasciculus",1,"fasciculus"
"follicular",1,"follicular"
"frontolimb",1,"frontolimb"
"furthermor",1,"furthermor"
"haemodynam",1,"haemodynam"
"hippocampi",1,"hippocampi"
"homeostasi",1,"homeostasi"
"huntington",1,"huntington"
"hyperactiv",1,"hyperactiv"
"hypoperfus",1,"hypoperfus"
"hypothalam",2,"hypothalam hypothalamus"
"hypothesis",1,"hypothesis"
"inappropri",1,"inappropri"
"inhibitori",1,"inhibitori"
"instrument",1,"instrument"
"intellectu",1,"intellectu"
"interocept",1,"interocept"
"intracrani",1,"intracrani"
"introspect",1,"introspect"
"ipsilesion",1,"ipsilesion"
"laboratori",1,"laboratori"
"likelihood",1,"likelihood"
"longitudin",1,"longitudin"
"membership",1,"membership"
"metacognit",1,"metacognit"
"methodolog",1,"methodolog"
"modulatori",1,"modulatori"
"morphometr",2,"morphometr morphometri"
"multivoxel",1,"multivoxel"
"naturalist",1,"naturalist"
"neurodegen",2,"neurodegen neurodegener"
"neurofunct",1,"neurofunct"
"neuromodul",1,"neuromodul"
"neuroplast",1,"neuroplast"
"neurotroph",1,"neurotroph"
"oculomotor",1,"oculomotor"
"operculari",1,"operculari"
"opposition",1,"opposition"
"orthograph",2,"orthograph orthographi"
"outperform",1,"outperform"
"overweight",1,"overweight"
"paracingul",1,"paracingul"
"particular",1,"particular"
"phenomenon",1,"phenomenon"
"photograph",1,"photograph"
"postmortem",1,"postmortem"
"preferenti",1,"preferenti"
"preprocess",1,"preprocess"
"profession",1,"profession"
"pseudoword",1,"pseudoword"
"psychiatri",1,"psychiatri"
"psychometr",1,"psychometr"
"psychopath",3,"psychopath psychopathi psychopatholog"
"psychophys",2,"psychophys psychophysiolog"
"psychosoci",1,"psychosoci"
"refractori",1,"refractori"
"regardless",1,"regardless"
"regulatori",1,"regulatori"
"retrospect",1,"retrospect"
"serotonerg",1,"serotonerg"
"somatotopi",1,"somatotopi"
"stationari",1,"stationari"
"stereotact",1,"stereotact"
"strengthen",1,"strengthen"
"subprocess",1,"subprocess"
"substantia",1,"substantia"
"superimpos",1,"superimpos"
"supplement",3,"supplement supplementari presupplementari"
"temperatur",1,"temperatur"
"throughout",1,"throughout"
"tomographi",1,"tomographi"
"topographi",1,"topographi"
"trajectori",1,"trajectori"
"transcrani",1,"transcrani"
"tryptophan",1,"tryptophan"
"underactiv",1,"underactiv"
"understand",1,"understand"
"understood",1,"understood"
"undertaken",1,"undertaken"
"unfamiliar",1,"unfamiliar"
"unisensori",1,"unisensori"
"ventromedi",1,"ventromedi"
"vestibular",1,"vestibular"
"visuomotor",1,"visuomotor"
"visuospati",1,"visuospati"
"vocabulari",1,"vocabulari"
"widespread",1,"widespread"
"alexithymia",1,"alexithymia"
"anterolater",1,"anterolater"
"antidepress",1,"antidepress"
"antipsychot",1,"antipsychot"
"architectur",1,"architectur"
"cerebrospin",1,"cerebrospin"
"characteris",2,"characteris characterist"
"circumscrib",1,"circumscrib"
"composition",2,"composition decomposition"
"contralater",1,"contralater"
"contributor",1,"contributor"
"controversi",1,"controversi"
"corticolimb",2,"corticolimb mesocorticolimb"
"corticospin",1,"corticospin"
"counterpart",1,"counterpart"
"development",2,"development neurodevelopment"
"disadvantag",1,"disadvantag"
"disposition",2,"disposition predisposition"
"distinguish",2,"distinguish indistinguish"
"environment",1,"environment"
"epidemiolog",1,"epidemiolog"
"epileptogen",1,"epileptogen"
"exploratori",1,"exploratori"
"feedforward",1,"feedforward"
"frontopolar",1,"frontopolar"
"hippocampus",2,"hippocampus parahippocampus"
"hyperintens",1,"hyperintens"
"hypersensit",1,"hypersensit"
"hypometabol",1,"hypometabol"
"idiosyncrat",1,"idiosyncrat"
"interdepend",1,"interdepend"
"interperson",1,"interperson"
"interregion",1,"interregion"
"intertempor",1,"intertempor"
"intrapariet",1,"intrapariet"
"involuntari",1,"involuntari"
"meaningless",1,"meaningless"
"millisecond",1,"millisecond"
"morphometri",1,"morphometri"
"necessarili",1,"necessarili"
"neuroanatom",2,"neuroanatom neuroanatomi"
"neurobiolog",1,"neurobiolog"
"neurocognit",1,"neurocognit"
"nonetheless",1,"nonetheless"
"nonlinguist",1,"nonlinguist"
"nonmusician",1,"nonmusician"
"nonparametr",1,"nonparametr"
"orbitofront",1,"orbitofront"
"orthographi",1,"orthographi"
"oscillatori",1,"oscillatori"
"pathogenesi",1,"pathogenesi"
"perisylvian",1,"perisylvian"
"pharmacolog",1,"pharmacolog"
"posteromedi",1,"posteromedi"
"posttraumat",1,"posttraumat"
"preliminari",1,"preliminari"
"preparatori",1,"preparatori"
"prerequisit",1,"prerequisit"
"probabilist",1,"probabilist"
"propriocept",1,"propriocept"
"protagonist",1,"protagonist"
"psychomotor",1,"psychomotor"
"psychopathi",1,"psychopathi"
"reconstruct",1,"reconstruct"
"respiratori",1,"respiratori"
"retrospleni",1,"retrospleni"
"rostrolater",1,"rostrolater"
"schizophren",2,"schizophren schizophrenia"
"searchlight",1,"searchlight"
"somatomotor",1,"somatomotor"
"supramargin",1,"supramargin"
"temporarili",1,"temporarili"
"testosteron",1,"testosteron"
"thalamocort",1,"thalamocort"
"triangulari",1,"triangulari"
"trustworthi",1,"trustworthi"
"uncertainti",1,"uncertainti"
"ventricular",2,"ventricular periventricular"
"ventrolater",1,"ventrolater"
"vibrotactil",1,"vibrotactil"
"voluntarili",1,"voluntarili"
"anticipatori",1,"anticipatori"
"articulatori",1,"articulatori"
"autobiograph",1,"autobiograph"
"characterist",1,"characterist"
"checkerboard",1,"checkerboard"
"compensatori",1,"compensatori"
"contemporari",1,"contemporari"
"contralesion",1,"contralesion"
"endophenotyp",1,"endophenotyp"
"evolutionari",1,"evolutionari"
"facilitatori",1,"facilitatori"
"fibromyalgia",1,"fibromyalgia"
"frontomedian",1,"frontomedian"
"frontopariet",1,"frontopariet"
"frontostriat",1,"frontostriat"
"frontotempor",1,"frontotempor"
"hyperalgesia",1,"hyperalgesia"
"hypothalamus",1,"hypothalamus"
"imageability",1,"imageability"
"inferotempor",1,"inferotempor"
"inflammatori",1,"inflammatori"
"interconnect",1,"interconnect"
"intersubject",1,"intersubject"
"methylphenid",1,"methylphenid"
"multisensori",1,"multisensori"
"neuroanatomi",1,"neuroanatomi"
"neurodegener",1,"neurodegener"
"neurodevelop",2,"neurodevelop neurodevelopment"
"nevertheless",1,"nevertheless"
"periaqueduct",1,"periaqueduct"
"phenomenolog",1,"phenomenolog"
"posterolater",1,"posterolater"
"questionnair",1,"questionnair"
"relationship",1,"relationship"
"sensorimotor",1,"sensorimotor"
"spatiotempor",1,"spatiotempor"
"spectroscopi",1,"spectroscopi"
"subthreshold",1,"subthreshold"
"tractographi",1,"tractographi"
"complementari",1,"complementari"
"contradictori",1,"contradictori"
"corticostriat",1,"corticostriat"
"counterbalanc",1,"counterbalanc"
"decomposition",1,"decomposition"
"disproportion",1,"disproportion"
"electromagnet",1,"electromagnet"
"indistinguish",1,"indistinguish"
"interindividu",1,"interindividu"
"microstructur",1,"microstructur"
"neurobehavior",1,"neurobehavior"
"neurofeedback",1,"neurofeedback"
"neuropatholog",1,"neuropatholog"
"neuroscientif",1,"neuroscientif"
"norepinephrin",1,"norepinephrin"
"parahippocamp",2,"parahippocamp parahippocampus"
"parietotempor",1,"parietotempor"
"psychotherapi",1,"psychotherapi"
"schizophrenia",1,"schizophrenia"
"somatosensori",1,"somatosensori"
"supplementari",2,"supplementari presupplementari"
"symptomatolog",1,"symptomatolog"
"temporopariet",1,"temporopariet"
"apolipoprotein",1,"apolipoprotein"
"cardiovascular",1,"cardiovascular"
"encephalopathi",1,"encephalopathi"
"interhemispher",1,"interhemispher"
"multidimension",1,"multidimension"
"neurocircuitri",1,"neurocircuitri"
"neurophysiolog",1,"neurophysiolog"
"neuropsychiatr",1,"neuropsychiatr"
"neuropsycholog",1,"neuropsycholog"
"neurotransmiss",1,"neurotransmiss"
"neurotransmitt",1,"neurotransmitt"
"occipitopariet",1,"occipitopariet"
"occipitotempor",1,"occipitotempor"
"pathophysiolog",1,"pathophysiolog"
"predisposition",1,"predisposition"
"psychopatholog",1,"psychopatholog"
"suprathreshold",1,"suprathreshold"
"cytoarchitecton",1,"cytoarchitecton"
"electromyograph",1,"electromyograph"
"mesocorticolimb",1,"mesocorticolimb"
"parahippocampus",1,"parahippocampus"
"periventricular",1,"periventricular"
"psychophysiolog",1,"psychophysiolog"
"electrophysiolog",1,"electrophysiolog"
"methyltransferas",1,"methyltransferas"
"neurodevelopment",1,"neurodevelopment"
"presupplementari",1,"presupplementari"
"fluorodeoxyglucos",1,"fluorodeoxyglucos"
"electroencephalogram",1,"electroencephalogram"
"electroencephalograph",2,"electroencephalograph electroencephalographi"
"electroencephalographi",1,"electroencephalographi"
"magnetoencephalographi",1,"magnetoencephalographi"
